,tweets,id,retweets,likes,created_at,emoji_code,tweet_sentiment
0,"The crucial moment.

ğŸ˜ @LacazetteAlex

#ARSWHU https://t.co/tYTczipMb1",1236413003127566337,2750,20075,2020-03-07 22:06:46,['U+1F60D'],0.0
1,"ğŸ¶ ""...so fresh, so clean...""ğŸ’§

#ARSWHU https://t.co/fhhZLCunar",1236398153508835328,1226,12718,2020-03-07 21:07:45,"['U+1F3B6', 'U+1F4A7']",0.33333333333333337
2,"ğŸ’¬ ""I'm really happy with the result because big teams find a way when they don't have the best day.""

ğŸ‘” @m8arteta reacts to victory in #ARSWHU ğŸ‘‡",1236396972698935296,633,7956,2020-03-07 21:03:04,"['U+1F4AC', 'U+1F454', 'U+1F447']",0.6
3,"Your man of the match today...

ğŸ† @Bernd_Leno 

#ARSWHU https://t.co/8YxRQu7Pv6",1236383440091701248,1549,15920,2020-03-07 20:09:17,['U+1F3C6'],0.0
4,"Just another day on the touchline ğŸ˜‚

ğŸ‘” @m8arteta 

#ARSWHU https://t.co/uYord6bo1u",1236368242299604992,922,10233,2020-03-07 19:08:54,"['U+1F602', 'U+1F454']",0.0
5,"â¤ï¸

#ARSWHU https://t.co/tLkLDgukJ6",1236352260810199040,4018,49268,2020-03-07 18:05:23,[],0.0
6,"ğŸ¶ Do do do do do do, Alex Lacazette! ğŸ¶

ğŸº @LacazetteAlex | #ARSWHU https://t.co/OkDH0ekYnl",1236348424066301952,1002,11451,2020-03-07 17:50:09,"['U+1F3B6', 'U+1F3B6', 'U+1F3BA']",0.0
7,"Phew... ğŸ˜‰

#ARSWHU https://t.co/czT2XZRnvg",1236340840274046976,2652,24800,2020-03-07 17:20:01,['U+1F609'],0.0
8,"That final whistle feeling! âœŠğŸ”´

#ARSWHU https://t.co/cyIS9KTcok",1236339348175491075,1324,12501,2020-03-07 17:14:05,"['U+270A', 'U+1F534']",0.0
9,"ğŸ¶ One-nil to The Arsenal! ğŸ¶

ğŸ”´ 1-0 âš’ (FT)

#ARSWHU",1236334065852301313,4387,21428,2020-03-07 16:53:05,"['U+1F3B6', 'U+1F3B6', 'U+1F534', 'U+2692']",0.0
10,"LACAAAAAAAAAA!!!

ğŸ”´ 1-0 âš’

#ARSWHU https://t.co/PJPdO1eZkB",1236330065446797320,2534,12789,2020-03-07 16:37:12,"['U+1F534', 'U+2692']",0.0
11,"ğŸ“‹ Today's team news at Emirates Stadium...

ğŸ‡ªğŸ‡¸ @PabloMV5 makes his #PL debut
ğŸ´ó §ó ¢ó ¥ó ®ó §ó ¿ @EddieNketiah9 leads the line
ğŸ‡¬ğŸ‡¦ @Aubameyang7 also starts

#ARSWHU | @PremierLeague",1236290495359442945,3325,16966,2020-03-07 13:59:57,['U+1F4CB'],0.0
12,We're also wishing a happy birthday to @mathieuflamini! ğŸ‰ https://t.co/hXTSABLTAQ,1236286643360927744,685,8498,2020-03-07 13:44:39,['U+1F389'],0.8
13,"ğŸ˜„ğŸ˜„

#FridayFeeling https://t.co/IEQwQWXpNz",1235965554890092544,648,10468,2020-03-06 16:28:46,"['U+1F604', 'U+1F604']",0.0
14,"ğŸ‡§ğŸ‡·ğŸ¤™

ğŸ”œ #ARSWHU https://t.co/coRUF3uW7W",1235942206638354437,506,7825,2020-03-06 14:55:59,"['U+1F919', 'U+1F51C']",0.0
15,"Next up: @WestHam âš’

ğŸ¤© Throwing it back to that Nico Pepe stunner at London Stadium! ğŸ‘Œ

#ARSWHU | @PremierLeague https://t.co/toCPGgKVev",1235917858040922113,755,7284,2020-03-06 13:19:14,"['U+2692', 'U+1F929', 'U+1F44C']",0.0
16,"âœŠ Yes, boss! 

2ï¸âƒ£ games
2ï¸âƒ£ clean sheets

ğŸ† @m8arteta has been nominated for the @PremierLeague Manager of the Month award for February",1235899788832501762,1939,16134,2020-03-06 12:07:26,"['U+270A', 'U+1F3C6']",0.3666666666666667
17,"Congratulations, @Aubameyang7! ğŸ‘

Auba has been nominated for the @PremierLeague Player of the Month award for February

ğŸ—³ Vote for Auba! ğŸ‘‡",1235894559957291011,2507,26755,2020-03-06 11:46:39,"['U+1F44F', 'U+1F5F3', 'U+1F447']",0.0
18,"Already looking forward to seeing your passion for our shirt again, Lucas â¤ï¸

ğŸ¦ @LTorreira34 https://t.co/0rnNhqyOjJ",1235584897433194498,1341,16410,2020-03-05 15:16:10,['U+1F981'],0.0
19,"ğŸ† February Goal of the Month ğŸ†

1ï¸âƒ£1ï¸âƒ£ contenders
0ï¸âƒ£1ï¸âƒ£ vote

Pick your favourite in our poll! ğŸ‘‡",1235460787977818112,11271,49509,2020-03-05 07:03:00,"['U+1F3C6', 'U+1F3C6', 'U+1F447']",0.0
20,"âœ… @EmiratesFACup quarter-final draw

See you at Bramall Lane soon, @SheffieldUnited ğŸ‘‹",1235323666403069953,1062,7888,2020-03-04 21:58:07,"['U+2705', 'U+1F44B']",0.0
21,"Birthday training session âœ…

No days off for @Bernd_Leno ğŸ‘Š https://t.co/NGMMbYlyZq",1235232587263758338,711,9086,2020-03-04 15:56:12,"['U+2705', 'U+1F44A']",0.0
22,"Our No 1 ğŸ™Œ

Happy 28th birthday, @Bernd_Leno! ğŸˆ https://t.co/R1dM5ukX4R",1235174533486825474,1825,19159,2020-03-04 12:05:31,"['U+1F64C', 'U+1F388']",-0.4
23,"ğŸ—“ We can confirm that our @PremierLeague away game at Manchester City has been scheduled for Wednesday, March 11

More information ğŸ‘‡",1234976928529973248,922,7005,2020-03-03 23:00:19,"['U+1F5D3', 'U+1F447']",0.04999999999999999
24,"Cool. Calm. Collected.

â„ï¸ @PabloMV5 https://t.co/Ux7S7xOW99",1234885736895307778,3238,30100,2020-03-03 16:57:57,[],0.325
25,Productive Papa ğŸ’ª https://t.co/yPfJ0X5Jxe,1234767720979189763,501,8027,2020-03-03 09:09:00,['U+1F4AA'],0.0
26,"ğŸ“ Ring 'em, @EddieNketiah9 https://t.co/JL268YRZW9",1234739535382183936,843,12264,2020-03-03 07:17:00,['U+1F4DE'],0.0
27,"First thoughts on @PabloMV5? ğŸ¤” 

ğŸ‘” @m8arteta was impressed... https://t.co/I6bCBd3v00",1234635638680494080,754,10872,2020-03-03 00:24:09,"['U+1F914', 'U+1F454']",0.625
28,"Tonightâ€™s #EmiratesFACup man of the match...

ğŸ† @DavidLuiz_4 https://t.co/CtzLrSxcx0",1234610913157795842,500,7818,2020-03-02 22:45:54,['U+1F3C6'],0.0
29,"ğŸ“ The call went out... and Eddie answered again 

ğŸ˜ @EddieNketiah9 https://t.co/7sTKQsXv9Y",1234604931979579392,721,7646,2020-03-02 22:22:08,"['U+1F4DE', 'U+1F60E']",0.0
30,"Into the draw for the next round! ğŸ’ª

ğŸ”µ 0-2 ğŸŸ¡ (FT)

ğŸ† #EmiratesFACup",1234594466952105984,2366,16017,2020-03-02 21:40:33,"['U+1F4AA', 'U+1F535', 'U+1F7E1', 'U+1F3C6']",-0.1
31,"ğŸ“ RING, RING! ANYONE CALL FOR A GOAL?! 

ğŸ’ª GET IN, @EDDIENKETIAH9! 

ğŸ”µ 0-2 ğŸŸ¡ (51)

ğŸ† #EmiratesFACup https://t.co/iQsA5ct3Qz",1234584217109090305,1282,8645,2020-03-02 20:59:49,"['U+1F4DE', 'U+1F4AA', 'U+1F535', 'U+1F7E1', 'U+1F3C6']",0.0
32,"GOOOOOOAAAAALL! PAPA!

ğŸ”µ 0-1 ğŸŸ¡ (45)

ğŸ† #EmiratesFACup https://t.co/9hIPwrorRJ",1234577905272922116,1153,8750,2020-03-02 20:34:44,"['U+1F535', 'U+1F7E1', 'U+1F3C6']",0.0
33,"ğŸ“‹ Here's our @EmiratesFACup team news...

ğŸ‡ªğŸ‡¸ @PabloMV5 makes his debut
ğŸ‡§ğŸ‡· @DavidLuiz_4 partners Pablo
ğŸ´ó §ó ¢ó ¥ó ®ó §ó ¿ @EddieNketiah9 leads the attack

ğŸ† #EmiratesFACup",1234550287316193280,2311,13572,2020-03-02 18:44:59,"['U+1F4CB', 'U+1F3C6']",0.0
34,"ğŸ—“ #OnThisDay in 2002...

ğŸ Dennis Bergkamp. Say no more. https://t.co/ldD2ewtJiz",1234457602588905475,5571,28406,2020-03-02 12:36:42,"['U+1F5D3', 'U+1F410']",-0.25
35,"ğŸ’¬ â€œHe is much closer. He is evolving really well. He feels fit. He feels confident now. He's doing the stuff with contact, so hopefully we can have him soon.â€ - Mikel Arteta https://t.co/ae0l4CR4aY",1234156931599814656,632,9390,2020-03-01 16:41:56,['U+1F4AC'],0.325
36,"All focus on Portsmouth.

ğŸ† #EmiratesFACup https://t.co/aCEILWiUcW",1234141002933338113,635,7616,2020-03-01 15:38:38,['U+1F3C6'],0.0
37,"@LFC Congratulations on a formidable unbeaten run, @LFC ğŸ‘",1233835873168494595,28281,102678,2020-02-29 19:26:10,['U+1F44F'],0.0
38,Phew...,1233835776108089344,96313,361333,2020-02-29 19:25:47,[],0.0
39,"âœ… First game at the Emirates

Good to see you out there, @PabloMV5 ğŸ¡ https://t.co/nFBagrkvU6",1233513682480566272,485,10226,2020-02-28 22:05:54,"['U+2705', 'U+1F3E1']",0.18333333333333332
40,"ğŸ’¬ ""I just want to concentrate now on lifting those players and getting back the belief, and convince them that there is still a lot to play for, and move on."" https://t.co/9sW16X2Umf",1233396289137762310,1080,11067,2020-02-28 14:19:25,['U+1F4AC'],0.0
41,"Our Europa League campaign ends with defeat to Olympiacos.

ğŸ† #UEL",1233158831515013122,5268,31664,2020-02-27 22:35:51,['U+1F3C6'],0.0
42,"Goal for Olympiacos - scored by El-Arabi

ğŸ”´ 1-2 ğŸ”µ (119) 

(2-2 on agg)

ğŸ† #UEL",1233157235142004737,3228,14993,2020-02-27 22:29:30,"['U+1F534', 'U+1F535', 'U+1F3C6']",0.0
43,All of us rn: https://t.co/COpNgn9HtN,1233156708140244993,1311,7611,2020-02-27 22:27:24,[],0.0
44,"AUBAAAAAAAAA!!!!! OVERHEAD KICK!

ğŸ”´ 1-1 ğŸ”µ (2-1 on agg)

ğŸ† #UEL https://t.co/WXe8ROx0I6",1233155568409436165,2711,10744,2020-02-27 22:22:53,"['U+1F534', 'U+1F535', 'U+1F3C6']",0.0
45,"ğŸ“‹ Tonight's team news...

ğŸ‡«ğŸ‡· @LacazetteAlex leads the line
ğŸ‡¬ğŸ‡¦ @Aubameyang7 also starts
ğŸ´ó §ó ¢ó ¥ó ®ó §ó ¿ @BukayoSaka87 named in starting XI

ğŸ† #UEL",1233100606224654338,2393,11162,2020-02-27 18:44:29,"['U+1F4CB', 'U+1F3C6']",0.0
46,"The Carpet. ğŸ¤©

ğŸ”œ #UEL https://t.co/3yis94RGIV",1233065907615883268,799,7335,2020-02-27 16:26:36,"['U+1F929', 'U+1F51C']",0.0
47,"More of this tonight? ğŸ¤

ğŸ† #UEL https://t.co/9RgWqnpu9Z",1233038419191910402,556,7856,2020-02-27 14:37:22,"['U+1F91E', 'U+1F3C6']",0.5
48,"ğ‘«ğ’†ğ’ğ’ğ’Šğ’” ğ‘©ğ’†ğ’“ğ’ˆğ’Œğ’‚ğ’ğ’‘ ğ’ğ’‚ğ’”ğ’•ğ’†ğ’“ğ’„ğ’ğ’‚ğ’”ğ’” ğŸ

ğŸ—“ #OnThisDay in 2002... https://t.co/uTjSMJSYc5",1232923821222420482,925,8693,2020-02-27 07:02:00,"['U+1F410', 'U+1F5D3']",0.0
49,"Back to business. ğŸ‘Š

ğŸ† #UEL https://t.co/64uHxZ0nPR",1232779620942065665,701,10414,2020-02-26 21:29:00,"['U+1F44A', 'U+1F3C6']",0.0
50,"Happy Lucas = happy us ğŸ˜ƒ

ğŸ† #UEL https://t.co/USiZErQvaE",1232697143154049024,465,7738,2020-02-26 16:01:15,"['U+1F603', 'U+1F3C6']",0.8
51,"ğŸ’¬ ""I think people should talk more about Auba and what he is doing in the game because he is more than a goalscorer...""

@LacazetteAlex ğŸ¤ @Aubameyang7

ğŸ† #UEL",1232682691688108032,663,7846,2020-02-26 15:03:50,"['U+1F4AC', 'U+1F91D', 'U+1F3C6']",0.19999999999999998
52,"ğŸ—“ #OnThisDay in 2012...

3ï¸âƒ£4ï¸âƒ£ mins: ğŸ”´ 0-2 ğŸ”µ
6ï¸âƒ£8ï¸âƒ£ mins: ğŸ”´ 5-2 ğŸ”µ

ğŸ˜ Does this rank as one of your favourite NLD memories? https://t.co/IaqPIIJrRP",1232562691409162240,2310,13455,2020-02-26 07:07:00,"['U+1F5D3', 'U+1F534', 'U+1F535', 'U+1F534', 'U+1F535', 'U+1F60E']",-0.8
53,"Yet another ğ—•ğ—œğ—š save from Bernd! ğŸ‘

ğŸ§¤ @Bernd_Leno https://t.co/8psbosCYSv",1232352085645123584,1129,10830,2020-02-25 17:10:07,"['U+1F44F', 'U+1F9E4']",0.0
54,"ğŸ’¬ ""It was a few months after my 17th birthday, against Qarabag in the Europa League, and I was told I would be starting the day before the game. I couldn't sleep at all! My dad told me he was the same.""

ğŸ“ @BukayoSaka87 | In my own words",1232316360832585728,1009,11348,2020-02-25 14:48:10,"['U+1F4AC', 'U+1F4DD']",-2.2204460492503132e-17
55,"There's just something about Arsenal number 14s and ğ˜ğ—µğ—®ğ˜ finish...

ğŸ‘Œ @Aubameyang7 https://t.co/l09nrQbMCc",1232063712225366020,2449,21964,2020-02-24 22:04:14,['U+1F44C'],0.0
56,"ğŸ“ˆ When you keep moving up the top scorer charts...

ğŸ˜ @Aubameyang7 https://t.co/URYgu1lEqQ",1231979730238427137,1407,13279,2020-02-24 16:30:31,"['U+1F4C8', 'U+1F60E']",0.5
57,"Leading by example.

âš¡ï¸ @Aubameyang7 https://t.co/uBxH6LcoRz",1231931239373901824,946,11548,2020-02-24 13:17:50,[],0.0
58,"ğŸ§ So, maybe that's who Eddie has been calling...

ğŸ“ @EddieNketiah9 https://t.co/NKaq3dyHyx",1231911832492871680,1960,19334,2020-02-24 12:00:43,"['U+1F9D0', 'U+1F4DE']",0.0
59,"Start your day the right way ğŸ˜

#MondayMotivation | #ARSEVE https://t.co/gYT13M01Yy",1231836155261456390,1938,12266,2020-02-24 07:00:00,['U+1F60E'],0.2857142857142857
60,ğŸ”´ #WeAreTheArsenal https://t.co/56kAvjO0UO,1231802935216082945,1374,11489,2020-02-24 04:48:00,['U+1F534'],0.0
61,"ğŸ’ª @m8arteta

#ARSEVE https://t.co/ukW6v7Axv4",1231766696362418176,604,8638,2020-02-24 02:24:00,['U+1F4AA'],0.0
62,"That view from the stands ğŸ˜

#ARSEVE https://t.co/1F12uvboqD",1231739161226416128,571,7431,2020-02-24 00:34:35,['U+1F60D'],0.0
63,"ğŸ¶ ""Eddie! Eddie! Eddie!""

ğŸ“ @EddieNketiah9 making his mark in #ARSEVE https://t.co/vM5XD6y7Cp",1231713584251572226,1440,12010,2020-02-23 22:52:57,"['U+1F3B6', 'U+1F4DE']",0.0
64,"Speedy recovery, Seo ğŸ¤

â¤ï¸ @seadk6 https://t.co/CfcXVdl6kN",1231706169019977729,608,10361,2020-02-23 22:23:29,['U+1F91E'],0.0
65,"@DaniCeballos46 ğŸ“¸ And here's the photo of Dani and Hadley! 

â¤ï¸ @DaniCeballos46 https://t.co/9W4zMhu8LZ",1231698446362566656,647,7168,2020-02-23 21:52:48,['U+1F4F8'],0.0
66,"""Dani Ceballos! You're Dani Ceballos!""

ğŸ¥° @DaniCeballos46 made this young Gunner's day! https://t.co/LVVGbyCk58",1231698226241265672,3086,26347,2020-02-23 21:51:55,['U+1F970'],0.1
67,"TOGETHER. âœŠ

#WeAreTheArsenal ğŸ”´ https://t.co/RCC2TQuK5k",1231694862656921606,1576,13666,2020-02-23 21:38:33,"['U+270A', 'U+1F534']",0.0
68,"Need a goal? Call Eddie.

ğŸ“ @EddieNketiah9 https://t.co/unh03kpjWK",1231672582124056578,1962,14301,2020-02-23 20:10:01,['U+1F4DE'],0.0
69,"Turning your setback into your comeback - it was brilliant to see you back on the field today, @aftgomes â¤ï¸

Wishing you the best of luck for the rest of the season ğŸ‘

#ARSEVE https://t.co/nTwe5XFO7L",1231666630314414081,2296,21712,2020-02-23 19:46:22,['U+1F44D'],0.6333333333333333
70,"Captain. Goalscorer. MOTM.

ğŸ† @Aubameyang7 

#ARSEVE https://t.co/5GeZcr8VPd",1231662380951785473,3319,31465,2020-02-23 19:29:29,['U+1F3C6'],0.0
71,"OUR. BOSS.

âœŠ @m8arteta 

#ARSEVE https://t.co/c1ufOr5ZAY",1231655224709914628,2657,22240,2020-02-23 19:01:03,['U+270A'],0.0
72,"ğŸ¶ Sweet Caroline... ğŸ¶

#ARSEVE https://t.co/YTtrp2h1HK",1231653290489917452,1755,13208,2020-02-23 18:53:22,"['U+1F3B6', 'U+1F3B6']",0.35
73,"ğŸ™Œ FINAL WHISTLE FEELING ğŸ™Œ

#ARSEVE https://t.co/4N8WcyjAXb",1231651376960278530,2101,21737,2020-02-23 18:45:45,"['U+1F64C', 'U+1F64C']",0.0
74,"âœŠ BIG. DUB. ğŸ”´

#ARSEVE",1231646493687283715,8490,38098,2020-02-23 18:26:21,"['U+270A', 'U+1F534']",0.0
75,"A standing ovation from the home fans for Alex Iwobi, who makes way for Bernard with half an hour remaining

Good to see you back at the Emirates, @AlexIwobi ğŸ‘Š

ğŸ”´ 3-2 ğŸ”µ (60)

#ARSEVE https://t.co/2dB7l6nywh",1231638115514822656,735,7861,2020-02-23 17:53:04,"['U+1F44A', 'U+1F534', 'U+1F535']",0.17777777777777778
76,"ğŸ’¡ Sunday night, shining bright! 

#ARSEVE https://t.co/ePRvCn4wB9",1231635941695131649,1255,8005,2020-02-23 17:44:25,['U+1F4A1'],0.7000000000000001
77,"AUBAMEYANG HAS SCORED AGAIN! 

WE DIDN'T EVEN HAVE TIME TO TELL YOU THE SECOND HALF HAD KICKED OFF!

ğŸ”´ 3-2 ğŸ”µ (46)

#ARSEVE https://t.co/zvJyiBTt9s",1231634124672290817,2782,13589,2020-02-23 17:37:12,"['U+1F534', 'U+1F535']",-0.08333333333333333
78,"Who assisted Eddie? You know who assisted Eddie.

ğŸ˜ @BukayoSaka87 

#ARSEVE https://t.co/Q6AaaY0UJn",1231626485657751553,1356,10000,2020-02-23 17:06:51,['U+1F60E'],0.0
79,"AUBAMEYANG! AUBAMEYANG! AUBAMEYANG!

ğŸ”´ 2-1 ğŸ”µ (33)

#ARSEVE https://t.co/s2A4s6eTUI",1231625673577500672,2660,11330,2020-02-23 17:03:37,"['U+1F534', 'U+1F535']",0.0
80,"ğŸ“ EDDIE'S ON CALL!

ğŸ”´ 1-1 ğŸ”µ (27)

#ARSEVE https://t.co/a1k2GaMCnj",1231624200818958337,2072,10481,2020-02-23 16:57:46,"['U+1F4DE', 'U+1F534', 'U+1F535']",0.0
81,"Here to back the boys! ğŸ¤™

#ARSEVE https://t.co/jwKR2DIerf",1231615418365874176,775,11645,2020-02-23 16:22:52,['U+1F919'],0.0
82,"ğŸ“‹ Our team news for today's game against @Everton

ğŸ‡ªğŸ‡¸ @HectorBellerin is fit to start
ğŸ‡¨ğŸ‡® Pepe comes into the starting XI
ğŸ‡ªğŸ‡¸ @DaniCeballos46 partners Granit

#ï¸âƒ£ #ARSEVE",1231602131276312576,2906,11287,2020-02-23 15:30:04,['U+1F4CB'],0.0
83,"ğŸ”™ğŸ”œ

#ARSEVE https://t.co/gLn4sjbuTQ",1231536932485615616,716,7007,2020-02-23 11:11:00,"['U+1F519', 'U+1F51C']",0.0
84,"ğŸ¶ Playing football the Arsenal way... ğŸ¶

3ï¸âƒ£5ï¸âƒ£ passes
1ï¸âƒ£1ï¸âƒ£ players
1ï¸âƒ£ stunning team goal 

ğŸ˜ The football we love to watch at the carpet! https://t.co/LAIamRxCRF",1231490879011115008,5877,25790,2020-02-23 08:08:00,"['U+1F3B6', 'U+1F3B6', 'U+1F60D']",0.5
85,"The best day of the week... MATCHDAY! ğŸ™Œ

ğŸ†š @Everton
ğŸŸ Emirates Stadium
ğŸ† @PremierLeague
ğŸ•Ÿ 4.30pm kick-off (UK)

#ï¸âƒ£ #ARSEVE https://t.co/geLD90aH7G",1231471249592745984,1027,7003,2020-02-23 06:50:00,"['U+1F64C', 'U+1F19A', 'U+1F3DF', 'U+1F3C6', 'U+1F55F']",1.0
86,â€˜The thing about Arsenal is they always try and walk it inâ€™ ğŸ˜‰ https://t.co/Xswcb4gBoO,1231345744222748673,1809,13722,2020-02-22 22:31:17,['U+1F609'],0.0
87,ğŸ‘¨â€ğŸ¦³ @MustafiOfficial https://t.co/842thoGUHX,1231332201813413889,654,11174,2020-02-22 21:37:28,[],0.0
88,"ğŸš¶â€â™‚ï¸ Stepping towards Sunday! 

ğŸ”œ #ARSEVE https://t.co/ttvTG8LELK",1231297511220039682,558,7026,2020-02-22 19:19:37,['U+1F51C'],0.0
89,"ğŸ’¬ 'I am very, very happy to be back and to enjoy what I love, to play for this club and to play football'

ğŸ“º Granit discusses the support he has received from the club, Mikel Arteta and looking to the future in our exclusive interview",1231233991711363072,1142,10550,2020-02-22 15:07:13,"['U+1F4AC', 'U+1F4FA']",0.38
90,"ğŸ¸ Speaking of Tomas Rosicky, let's look back at some of his strikes... ğŸ’¥

ğŸ¤˜ Which of these is your favourite? https://t.co/acsRkXci2J",1231177312848105475,1160,8918,2020-02-22 11:22:00,"['U+1F3B8', 'U+1F4A5', 'U+1F918']",0.0
91,"ğŸ—“ #OnThisDay in 2014...

...Super Tom puts the finishing touch to a beautiful team move! ğŸ¤˜ https://t.co/cLmk7NPW41",1231148875387490304,886,7382,2020-02-22 09:29:00,"['U+1F5D3', 'U+1F918']",0.5916666666666667
92,"When he reigned in Spain ğŸ‘‘

ğŸ—“ #OnThisDay in 2006...

Unstoppable. @ThierryHenry. ğŸ™Œ https://t.co/98pDkHoAUy",1230912065377898496,1835,11828,2020-02-21 17:48:00,"['U+1F451', 'U+1F5D3', 'U+1F64C']",0.0
93,"ğŸ’› LACA ğŸ’™

ğŸº @LacazetteAlex https://t.co/CW2BHXAwAA",1230862991962333189,601,10606,2020-02-21 14:33:00,"['U+1F49B', 'U+1F499', 'U+1F3BA']",0.0
94,"ğŸ¥ Our #UEL Man of the Match against Olympiacos?

You voted for this guy - well played @BukayoSaka87 ğŸ‘ https://t.co/Kzil9vdlkn",1230751758781231104,1044,12421,2020-02-21 07:11:00,"['U+1F941', 'U+1F44F']",0.0
95,"ğŸ‘” First European win in charge

ğŸ† #UEL https://t.co/NnyVWo8V2K https://t.co/eUDLshARLN",1230648113054048256,895,9916,2020-02-21 00:19:09,"['U+1F454', 'U+1F3C6']",0.35000000000000003
96,"For your dedication. For backing us. And, of course, for serenading @IanWright0 ğŸ˜…

Thank you for your incredible support in Greece â¤ï¸ https://t.co/sOq4UWlMML",1230642860661379073,999,11501,2020-02-20 23:58:16,['U+1F605'],0.9
97,"ğŸ’¬ ""Thank you for your support. Let's finish the job in London, it's going to be another very tough game!""

ğŸ¤³ @DavidLuiz_4

ğŸ† #UEL https://t.co/XTttkdkhKs",1230629645839667205,584,7600,2020-02-20 23:05:46,"['U+1F4AC', 'U+1F933', 'U+1F3C6']",-0.4527777777777778
98,"OH JA! âœŠ

ğŸ† #UEL https://t.co/DfAMSUrO07",1230619339142959111,594,9964,2020-02-20 22:24:48,"['U+270A', 'U+1F3C6']",0.0
99,"ğŸ‘† L A C A ğŸ‘†

ğŸ† #UEL https://t.co/1qNBOEojpv",1230614763429863427,1197,14502,2020-02-20 22:06:37,"['U+1F446', 'U+1F446', 'U+1F3C6']",0.0
100,"Leading the way back to north London âœˆï¸

ğŸ† #UEL",1230611679181967360,2705,17541,2020-02-20 21:54:22,['U+1F3C6'],0.0
101,"â„ï¸ @LacazetteAlex 

ğŸ† #UEL https://t.co/a4ZhIwnRJd",1230609705413861388,933,7962,2020-02-20 21:46:32,['U+1F3C6'],0.0
102,"LACAAAAAAAA!

ğŸ† #UEL 0-1 (81) https://t.co/lA85M5ccgG",1230607779020365833,2273,13810,2020-02-20 21:38:52,['U+1F3C6'],0.0
103,"ğŸ‘” First European game in charge

ğŸ† #UEL https://t.co/pKYf0XMimN",1230592285894729743,474,7082,2020-02-20 20:37:18,"['U+1F454', 'U+1F3C6']",-0.05000000000000001
104,"The Arsenal. ğŸ’™

ğŸ† #UEL https://t.co/HKZAFkU6h8",1230587121771188224,955,8503,2020-02-20 20:16:47,"['U+1F499', 'U+1F3C6']",0.0
105,"ğŸš¨ Five changes from Sunday's win...

â¡ï¸ Sokratis, Guendouzi, Willock, Martinelli, Lacazette
â¬…ï¸ Bellerin, Ceballos, Ozil, Pepe, Nketiah

ğŸ† #UEL",1230562035655536641,2062,8901,2020-02-20 18:37:06,"['U+1F6A8', 'U+1F3C6']",0.8
106,"ğŸ—£ ""Yesss!""

He knew it was in as soon as it left Nico's foot ğŸ¤£

ğŸ† #UEL https://t.co/hYNFQvHtV0",1230547892374364160,1131,10431,2020-02-20 17:40:54,"['U+1F5E3', 'U+1F923', 'U+1F3C6']",0.0
107,"Good morning from Athens ğŸ‘‹ğŸ‡¬ğŸ‡·

@IanWright0's got that matchday feeling ğŸ˜ https://t.co/mFB9pKz9XG",1230451419054067719,539,8109,2020-02-20 11:17:33,"['U+1F44B', 'U+1F60E']",0.7
108,"Matchday in Athens ğŸ‡¬ğŸ‡·

ğŸ†š @olympiacosfc
ğŸ† @EuropaLeague last-32
ğŸ“ Karaiskakis Stadium
ğŸ•— 8pm kick-off

#ï¸âƒ£ #UEL https://t.co/4o1xtdxXoI",1230415629443911681,893,8743,2020-02-20 08:55:20,"['U+1F19A', 'U+1F3C6', 'U+1F4CD', 'U+1F557']",0.0
109,"Progress. ğŸ’ª

ğŸ† #UEL https://t.co/XuKMRkFmQA",1230185779621748737,662,9878,2020-02-19 17:42:00,"['U+1F4AA', 'U+1F3C6']",0.0
110,"D C 8

ğŸ† #UEL https://t.co/pHdWLzgBKt",1230167003870244864,829,11601,2020-02-19 16:27:23,['U+1F3C6'],0.0
111,"Good to have you with us, @IanWright0 â¤ï¸

#WeAreTheArsenal ğŸ”´ https://t.co/c3uHon4dd3",1230148688850358273,482,7112,2020-02-19 15:14:37,['U+1F534'],0.7
112,"Get you a hype man like Laca ğŸ¤£

ğŸ @LacazetteAlex
ğŸ @Aubameyang7

Us ğŸ¤ This content https://t.co/7zN5BcsdGE",1230107362645757952,2370,18460,2020-02-19 12:30:24,"['U+1F923', 'U+1F410', 'U+1F410', 'U+1F91D']",0.0
113,"Back on the road in the #UEL ğŸ†

ğŸ”œ @olympiacosfc https://t.co/KwasTSbr1A",1230067262838759424,431,7154,2020-02-19 09:51:03,"['U+1F3C6', 'U+1F51C']",0.0
114,"ğŸ™ğ™‹ğ™§ğ™šğ™¥ğ™–ğ™§ğ™ğ™£ğ™œ ğ™šğ™£ğ™œğ™ğ™£ğ™š...
âœ… ğ˜¾ğ™¡ğ™šğ™–ğ™§ğ™šğ™™ ğ™›ğ™¤ğ™§ ğ™©ğ™–ğ™ ğ™šğ™¤ğ™›ğ™›...
ğŸ”¥ ğ™„ğ™œğ™£ğ™ğ™©ğ™š ğ™©ğ™ğ™š ğ™–ğ™›ğ™©ğ™šğ™§ğ™—ğ™ªğ™§ğ™£ğ™šğ™§ğ™¨!

No stopping Bukayo in full flow!

ğŸ‘¨â€âœˆï¸ @BukayoSaka87 https://t.co/OhAth6Ob1o",1229763152767787008,1035,9358,2020-02-18 13:42:38,"['U+1F399', 'U+2705', 'U+1F525']",0.35
115,"Looking for the best way to start your day?

We're giving away an @adidasfootball x Arsenal shirt signed by Nicolas Pepe to one lucky winner 

Simply RT this tweet to enter - good luck! ğŸ¤

Ts &amp; Cs ğŸ‘‰ https://t.co/G5LgWy7zPI https://t.co/MtEBqGip4a",1229684827055706112,9619,7471,2020-02-18 08:31:23,"['U+1F91E', 'U+1F449']",0.5083333333333333
116,"ğŸ”ğŸ—‘ @GilbertoSilva!

ğŸ†š 1v1 challenge
ğŸ‡§ğŸ‡· Gilberto
ğŸ‡«ğŸ‡· @piresrobert7
ğŸ´ó §ó ¢ó ¥ó ®ó §ó ¿ @theobaker_

Our legends have still got it ğŸ™Œ",1229512845316034562,629,7200,2020-02-17 21:08:00,"['U+1F51D', 'U+1F5D1', 'U+1F19A', 'U+1F64C']",0.0
117,"The first glimpse of our new boy in action ğŸ¤©

Our famous red and white suits you, @PabloMV5 ğŸ”´âšªï¸ https://t.co/4doc8HqpJX",1229496128531521536,845,10106,2020-02-17 20:01:34,"['U+1F929', 'U+1F534']",0.1643939393939394
118,"Sound ğŸ”› for this one!

Love that, @MustafiOfficial ğŸ˜‚

ğŸ¥ shkodranmustafi on IG https://t.co/aDmCKHvMC7",1229423991737266176,1393,13528,2020-02-17 15:14:55,"['U+1F51B', 'U+1F602', 'U+1F3A5']",0.45
119,"Keep plugging away. 

You'll be rewarded for your hard work. ğŸ’ª

#MondayMotivation x @LacazetteAlex https://t.co/CpHfbiZLeM",1229398089254850564,1519,13573,2020-02-17 13:32:00,['U+1F4AA'],-0.2916666666666667
120,"Learning from the best. ğŸ“

@EddieNketiah9 ğŸ¤ @Aubameyang7 https://t.co/8ChEuWoow0",1229377704899817475,761,11430,2020-02-17 12:11:00,"['U+1F393', 'U+1F91D']",1.0
121,"*ğ˜½ğ™ªğ™ ğ™–ğ™®ğ™¤ ğ™™ğ™¤ğ™šğ™¨ ğ™©ğ™ğ™ğ™¨*

Us: ğŸ¤­ğŸ¤­ğŸ¤­

#ARSNEW | #Whoooops https://t.co/gV6w49UYyI",1229330644922028034,3377,23037,2020-02-17 09:04:00,"['U+1F92D', 'U+1F92D', 'U+1F92D']",0.0
122,"â™£ï¸9ï¸âƒ£

ğŸ”´ @LacazetteAlex https://t.co/959Sk5aveg",1229306737099976704,807,11414,2020-02-17 07:29:00,['U+1F534'],0.0
123,"Practice makes perfect ğŸ‘¤ğŸ’¥

âš¡ï¸ @Aubameyang7

#ARSNEW https://t.co/0uYccnKaOM",1229149662684291075,1760,18584,2020-02-16 21:04:50,"['U+1F464', 'U+1F4A5']",1.0
124,"ğ—§ğ—µğ—®ğ˜ ğ—ºğ—²ğ—®ğ—»ğ˜ ğ—ºğ—¼ğ—¿ğ—² â¤ï¸

#ARSNEW https://t.co/r44JJif4Zc",1229144183501402115,1668,13802,2020-02-16 20:43:04,[],0.0
125,"Back to business. Let's go. ğŸ‘Š

ğŸ¤³ @Aubameyang7 

#ARSNEW https://t.co/SIGO7aEDd1",1229139227201429511,1282,16505,2020-02-16 20:23:22,"['U+1F44A', 'U+1F933']",0.0
126,"""Whoops!"" ğŸ¤£

#ARSNEW https://t.co/9sWtDkPOCq",1229129586870562816,1996,18176,2020-02-16 19:45:04,['U+1F923'],0.0
127,"ğŸ¥ Introducing the @PremierLeague Man of the Match...

ğŸ† @BukayoSaka87 

#ARSNEW https://t.co/tbaztWIlo1",1229124025617612800,4211,39780,2020-02-16 19:22:58,"['U+1F941', 'U+1F3C6']",0.0
128,"ğŸ“ ""Hi... yeah, Nico? We're going to need you to update that pose...""

â˜ï¸ goal
âœŒï¸ assists

#ARSNEW https://t.co/BrXtV7lbHH",1229117744114753537,1204,9890,2020-02-16 18:58:00,['U+1F4DE'],0.0
129,"ENERGY ğŸ”‹

#ARSNEW https://t.co/FUdURi6Wzn",1229115042605535239,2399,16159,2020-02-16 18:47:16,['U+1F50B'],0.0
130,"BACK. TO. BUSINESS. âœŠ

#ARSNEW",1229109005588496392,7795,35001,2020-02-16 18:23:17,['U+270A'],0.0
131,"LACAAAAAA ğŸ˜

#ARSNEW ğŸ”´âšªï¸ 4-0 âš«ï¸âšªï¸ (90) https://t.co/UOWuQ3lx9r",1229108555397115907,3327,19513,2020-02-16 18:21:29,"['U+1F60D', 'U+1F534']",0.0
132,"MESUT! ã€½ï¸

#ARSNEW ğŸ”´âšªï¸ 3-0 âš«ï¸âšªï¸ (90) https://t.co/29pRFNsJ58",1229107242361815040,2902,14588,2020-02-16 18:16:16,['U+1F534'],0.0
133,"One of our own. â¤ï¸

#ARSNEW https://t.co/gJySpm6ZHk",1229103072028262400,1914,14470,2020-02-16 17:59:42,[],0.6
134,"â˜ï¸ goal
â˜ï¸ assist

Well in, Nico ğŸ”¥

#ARSNEW https://t.co/lPxmaue0Wh",1229100984988774400,1629,12180,2020-02-16 17:51:25,['U+1F525'],0.0
135,"WE SEE YOU, NICO ğŸ™Œ

#ARSNEW ğŸ”´âšªï¸ 2-0 âš«ï¸âšªï¸ (57) https://t.co/hRFVJIgzKH",1229099011916869632,3053,14890,2020-02-16 17:43:34,"['U+1F64C', 'U+1F534']",0.0
136,"AUBAAAAAAAAAA!

#ARSNEW ğŸ”´âšªï¸ 1-0 âš«ï¸âšªï¸ (54) https://t.co/LB9R4odB7g",1229098220984446978,1993,9025,2020-02-16 17:40:26,['U+1F534'],0.0
137,"Welcome to Emirates Stadium, @PabloMV5 ğŸ‘‹

Here to support The Arsenal ğŸ”´

#ARSNEW https://t.co/Osvawm9rg3",1229076042863841284,584,7626,2020-02-16 16:12:18,"['U+1F44B', 'U+1F534']",0.8
138,"ğŸš¨ Team news is in at the Emirates ğŸš¨

ğŸ‡ªğŸ‡¸ @DaniCeballos46 starts
âš¡ï¸ Nicolas Pepe returns
ğŸ´ó §ó ¢ó ¥ó ®ó §ó ¿ @EddieNketiah9 leads the line

#ARSNEW",1229065424014397440,3045,12601,2020-02-16 15:30:06,"['U+1F6A8', 'U+1F6A8']",0.0
139,"When your winter break comes to an end ğŸ™Œ

#ARSNEW https://t.co/QXSFthzISq",1229013555736911872,615,7127,2020-02-16 12:04:00,['U+1F64C'],0.0
140,"That night in north London ğŸ¤©

ğŸ—“ #OnThisDay in 2011... well, you know the rest ğŸ˜‰ https://t.co/lUgQTHHPgr",1228948124221267968,2571,16571,2020-02-16 07:44:00,"['U+1F929', 'U+1F5D3', 'U+1F609']",0.0
141,"Good to have you back with us, @ReissNelson9 ğŸ”´

#ARSNEW https://t.co/04WGDnZrfm",1228745287763542017,531,9370,2020-02-15 18:18:00,['U+1F534'],0.35
142,"ğŸ—“ #OnThisDay in 2004...

Jose Antonio Reyes. Never forgotten. â¤ï¸ https://t.co/zmaMheEuys",1228586491212787713,4324,26534,2020-02-15 07:47:00,['U+1F5D3'],0.0
143,"WÌ¶iÌ¶nÌ¶tÌ¶eÌ¶rÌ¶ Ì¶bÌ¶rÌ¶eÌ¶aÌ¶kÌ¶

@PremierLeague, we're ready âœŠ

#ARSNEW https://t.co/V4cLlhmv0t",1228412595633360896,715,7763,2020-02-14 20:16:00,['U+270A'],0.2
144,Happy #ValentinesDay to our fans â¤ï¸ https://t.co/tE39Yf9LmZ,1228354210875359233,789,9135,2020-02-14 16:24:00,[],0.8
145,"They're back ğŸ˜ƒ

We've had some good news from our medical team ahead of Sunday's @premierleague game ğŸ’ª

#ARSNEW",1228242704884170752,516,7416,2020-02-14 09:00:55,"['U+1F603', 'U+1F4AA']",0.07499999999999998
146,"Coming soon... ğŸ¿

Laca x Wrighty x Auba https://t.co/d1gu7eM666",1228061297880817673,1364,19885,2020-02-13 21:00:04,['U+1F37F'],0.0
147,ğŸ« Happy hump day ğŸ˜… https://t.co/GFGfgzQ9ZY,1227578852085551105,609,8069,2020-02-12 13:03:00,"['U+1F42B', 'U+1F605']",0.8
148,"Back to London. Back to work.

#WeAreTheArsenal ğŸ”´ https://t.co/QN7bowiDjw",1227501922946449408,1105,14781,2020-02-12 07:57:18,['U+1F534'],0.0
149,"ğŸ—“ #OnThisDay in 2012, @ThierryHenry bowed out of the @premierleague in style 

A last-minute winner. His 228th goal for The Arsenal.

All hail The King. ğŸ‘‘ https://t.co/T1kECY3kGF",1227308570720387072,1603,11422,2020-02-11 19:09:00,"['U+1F5D3', 'U+1F451']",0.0
150,"Heart of a lion. ğŸ¦

Just a few reasons why we love @LTorreira34 â¤ï¸

#GarraCharrua ğŸ‡ºğŸ‡¾ https://t.co/RozI26eNfS",1227231060259373061,1283,10962,2020-02-11 14:01:00,['U+1F981'],0.15
151,"That's a wrap! ğŸ¬

Thanks for having us, Dubai and @emirates ğŸ‘‹

ğŸ”œ #ARSNEW in the @premierleague https://t.co/gcJCSsKmAq",1227195465193664513,849,8164,2020-02-11 11:39:33,"['U+1F3AC', 'U+1F44B', 'U+1F51C']",0.2
152,"ğŸ¤³ A birthday selfie âŒ
ğŸ¥ A birthday prank âœ…

Just @DavidLuiz_4 getting @LTorreira34 with one of the oldest tricks in the book ğŸ˜‚

ğŸ“¸ DavidLuiz_4 on IG https://t.co/KGHFQVPxBy",1227168405263917057,1190,12082,2020-02-11 09:52:02,"['U+1F933', 'U+274C', 'U+1F3A5', 'U+2705', 'U+1F602', 'U+1F4F8']",0.0
153,"First one out ğŸ‘Š

Straight to it, @kierantierney1 ğŸ’¥ https://t.co/Euz3wlGmjh",1227140178508206080,667,8427,2020-02-11 07:59:52,"['U+1F44A', 'U+1F4A5']",0.225
154,"ğŸ˜‚ When itâ€™s your birthday... 

ğŸ¤ª @LTorreira34 https://t.co/AQcmJJZDAj",1227126633670246400,1212,14374,2020-02-11 07:06:03,"['U+1F602', 'U+1F92A']",0.0
155,"ğŸ‰ Â¡Feliz cumpleaÃ±os! 

ğŸˆ @LTorreira34 https://t.co/aywttULAY7",1227123816092045312,1474,15601,2020-02-11 06:54:51,"['U+1F389', 'U+1F388']",0.0
156,"That's it. That's the tweet.

ğŸ« @Aubameyang7 x @LacazetteAlex https://t.co/ucbF4a2dXO",1226939063489499136,3982,34085,2020-02-10 18:40:42,['U+1F42B'],0.0
157,"ğŸ“¸ An amazing night of team bonding and cultural experiences!

@Arabian_Adv ğŸ¤ @Emirates 

ğŸ‡¦ğŸ‡ª #YesArabianAdventures https://t.co/XXvy2E6dHC",1226935074022711297,906,7536,2020-02-10 18:24:51,"['U+1F4F8', 'U+1F91D']",0.35000000000000003
158,"Martinelli ğŸ‘‰ğŸ‘ˆ @PabloMV5

Day four in Dubai ğŸ“¸",1226863798377684992,507,7618,2020-02-10 13:41:38,"['U+1F449', 'U+1F448', 'U+1F4F8']",0.0
159,"Grafting hard in the heat. â˜€ï¸ğŸ‡¦ğŸ‡ª

ğŸ’ª @kierantierney1 https://t.co/Qw05nQ7eal",1226507832759070722,857,11321,2020-02-09 14:07:09,['U+1F4AA'],-0.2916666666666667
160,"Leading the way! ğŸ‘ˆ

ğŸ‘” @m8arteta https://t.co/BWxwWx2PB6",1226406465314881536,677,10219,2020-02-09 07:24:21,"['U+1F448', 'U+1F454']",0.0
161,"âœ… Evening session 
âœ… Day two in Dubai ğŸ‡¦ğŸ‡ª https://t.co/sE6U24XORR",1226187303481204740,701,7512,2020-02-08 16:53:29,"['U+2705', 'U+2705']",0.0
162,"A familiar face was at our training base earlier today! 

Good to see you again, Manuel Almunia ğŸ‘‹ https://t.co/z8dvaaVCn0",1226167665443643392,1082,12284,2020-02-08 15:35:27,['U+1F44B'],0.06874999999999998
163,"Oh, I get by with a little help from my friends ğŸ˜‰ 

@LTorreira34 ğŸ¤ @PabloMV5 https://t.co/qn14VsumGm",1226152987179044865,1165,10747,2020-02-08 14:37:07,"['U+1F609', 'U+1F91D']",-0.1875
164,"KT getting to it after todayâ€™s first group session! ğŸ’ª 

ğŸ‘Š @kierantierney1 https://t.co/sZcwEMrQEg",1226101186404577280,1012,12776,2020-02-08 11:11:17,"['U+1F4AA', 'U+1F44A']",0.25
165,"Settling in nicely ğŸ‘Š

ğŸ”´ @PabloMV5 https://t.co/eknjZQoazk",1225882423575052288,565,8329,2020-02-07 20:42:00,"['U+1F44A', 'U+1F534']",0.6
166,"Good evening, Dubai ğŸ‘‹

@Aubameyang7 | @LacazetteAlex https://t.co/sFdmQQiXpi",1225827102395654144,948,12795,2020-02-07 17:02:10,['U+1F44B'],0.7
167,"Putting in the hard yards ğŸƒâ€â™‚ï¸

Day one in Dubai âœ… https://t.co/lsDVtE2DLu",1225818753985740801,788,7549,2020-02-07 16:29:00,['U+2705'],-0.2916666666666667
168,D U B A I ğŸ‡¦ğŸ‡ª https://t.co/nHi5mDhIJ4,1225808466788442112,563,7795,2020-02-07 15:48:07,[],0.0
169,"â° Training time

ğŸ‡¦ğŸ‡ª Day one in Dubai
â˜€ï¸ Session in the sun

@DavidLuiz_4 ğŸ¤ Gabriel Martinelli https://t.co/gWvLWHnkms",1225774085055053825,793,8231,2020-02-07 13:31:30,"['U+23F0', 'U+1F91D']",0.0
170,"Our Dubai training camp begins today ğŸ‡¦ğŸ‡ª

Different environment. Same hard work.

Let's get to it ğŸ‘Š https://t.co/386S3aPrCq",1225705324243537920,724,9245,2020-02-07 08:58:16,['U+1F44A'],-0.09722222222222222
171,"Sixty-two years ago. Never forgotten.

Our thoughts are with you today, @ManUtd.

#FlowersOfManchester https://t.co/ZZgwm9B4EL",1225434975929012225,3323,26322,2020-02-06 15:04:00,[],0.0
172,"ğŸ’¬ ""If you sleep four hours happy, you're going to sleep better than eight hours sad.""

ğŸ“– Believing in the Smile
âœï¸ By @DavidLuiz_4",1225340635609255936,960,11214,2020-02-06 08:49:07,"['U+1F4AC', 'U+1F4D6']",0.275
173,"â­ï¸ P O T M â­ï¸

ğŸ‡§ğŸ‡· Gabriel Martinelli https://t.co/JQ71Jaaw4x",1225171740898287616,1322,16034,2020-02-05 21:38:00,[],0.0
174,"ğŸ† Congratulations, Gabi! ğŸ‘

ğŸ‡§ğŸ‡· Gabriel Martinelli is your Player of the Month for January - with Gabi taking 49 per cent of the votes ğŸ—³",1225027009253908480,3050,27926,2020-02-05 12:02:53,"['U+1F3C6', 'U+1F44F', 'U+1F5F3']",0.0
175,"ğŸ’¬ ""He loves football, he loves to work, so this enthusiasm is contagious for everybody. What Mikel is trying to build is something big and I really believe in his philosophy.""

ğŸ‡§ğŸ‡· @DavidLuiz_4 discusses the impact of @m8arteta...",1224719470557528065,692,8737,2020-02-04 15:40:50,['U+1F4AC'],0.1
176,"The King. âœŒï¸

ğŸ‘‘ @ThierryHenry https://t.co/toW9RG27RD",1224620860675411968,1333,13702,2020-02-04 09:09:00,['U+1F451'],0.0
177,"âª 14 years ago today...

ğŸ‘‘ @ThierryHenry became the first (and only) player to score 200 goals in Arsenal colours

ğŸ Our GOAT https://t.co/aRNyIjtXC5",1224589403541999616,1654,12123,2020-02-04 07:04:00,"['U+23EA', 'U+1F451', 'U+1F410']",0.125
178,"ğŸ—“ #OnThisDay in 2018, @Aubameyang7 scored his first Arsenal goal! ğŸ‰ https://t.co/rhGNxg4glJ",1224229783741046784,852,9378,2020-02-03 07:15:00,"['U+1F5D3', 'U+1F389']",0.25
179,"Not the result we wanted today, but always thankful for your support.

Nice gesture, @MustafiOfficial ğŸ‘ https://t.co/pYNhQ71UKV",1224090114277675008,975,14253,2020-02-02 22:00:00,['U+1F44F'],0.6
180,"No more words needed. These guys said it all.

ã€½ï¸ #250ZIL https://t.co/BXy2ybTUrc",1223956179401039873,2117,11682,2020-02-02 13:07:47,[],-0.25
181,"Congratulations, @MesutOzil1088! ğŸ‰

Mesut is making appearance number 2ï¸âƒ£5ï¸âƒ£0ï¸âƒ£ for us today! ğŸ‘

ã€½ï¸ #250ZIL https://t.co/OhYmgZIIFT",1223954882299944960,1919,11167,2020-02-02 13:02:38,"['U+1F389', 'U+1F44F']",0.0
182,"ğŸ“‹ This afternoon's team news...

ğŸ‡¬ğŸ‡¦ Auba returns
ğŸ‡§ğŸ‡· Gabi keeps his place
ğŸ‡«ğŸ‡· Matteo starts

#ï¸âƒ£ #BURARS",1223954202663231490,3065,12606,2020-02-02 12:59:56,['U+1F4CB'],0.0
183,"Back with a bang? ğŸ¤”

ğŸ’¥ @Aubameyang7

#BURARS https://t.co/TeMffEyWeD",1223920747762147329,803,9470,2020-02-02 10:47:00,"['U+1F914', 'U+1F4A5']",0.0
184,"ğŸ˜ When you realise it's almost matchday again...

It's good to have you back, @Aubameyang7 ğŸ‘Š

#BURARS https://t.co/qszsYm3wrO",1223751369364033537,857,12141,2020-02-01 23:33:57,"['U+1F60F', 'U+1F44A']",0.35
185,"Last time we visited Burnley...

ğŸ“ @EddieNketiah9

#BURARS https://t.co/RECP2LIGI7",1223733280538873863,598,8971,2020-02-01 22:22:04,['U+1F4DE'],0.0
186,"What a first half from @emilesmithrowe! ğŸ”¥ğŸ”¥ğŸ”¥

âš½ One goal
ğŸ…°ï¸ One assist

However, @HTAFC trail 3-2 at the break at Fulham - keep going, Emile! ğŸ‘Š https://t.co/uufimyPcGU",1223635247390240768,733,9172,2020-02-01 15:52:31,"['U+1F525', 'U+1F525', 'U+1F525', 'U+26BD', 'U+1F44A']",0.04166666666666667
187,"Bursting onto the scene! ğŸŒŸ

ğŸ—“ #OnThisDay in 2015, @HectorBellerin scored his first goal! ğŸ‘Œ https://t.co/avXFsXi17a",1223504253240692737,1022,11395,2020-02-01 07:12:00,"['U+1F31F', 'U+1F5D3', 'U+1F44C']",0.25
188,"It may be two years old, but this video ğ˜€ğ˜ğ—¶ğ—¹ğ—¹ hits different ğŸ¤¯ğŸ˜

ğŸ˜ ""Yo Pierre, you wanna come out here?"" 

âš¡ï¸ #YoPierre 

https://t.co/xzDtjYKH1z",1223351555115499522,3515,23513,2020-01-31 21:05:14,"['U+1F92F', 'U+1F60D', 'U+1F60E']",0.05
189,"Always laughing. Always smiling. Always scoring.

How can you not love this guy?! ğŸ˜

ğŸ˜‚ @Aubameyang7 https://t.co/w0bzUUyfzO",1223308466078568450,2589,21742,2020-01-31 18:14:00,"['U+1F60D', 'U+1F602']",-0.25
190,"Stepping it up! ğŸƒâ€â™‚ï¸ğŸ’¨ 

ğŸ‘Š @kierantierney1 https://t.co/uqLmi1GoAI",1223287926861287425,1049,11094,2020-01-31 16:52:24,"['U+1F4A8', 'U+1F44A']",0.0
191,"ğŸ¤ Working on the comeback! 

ğŸ‘Š @KieranTierney1  
ğŸ‘Š @ReissNelson9 https://t.co/Y374LdByGS",1223281148350095360,1001,14506,2020-01-31 16:25:27,"['U+1F91D', 'U+1F44A', 'U+1F44A']",0.0
192,"Already down to work! ğŸ˜

ğŸ’ª @PabloMV5 https://t.co/nZix4jiWFR",1223270694454267906,1377,14010,2020-01-31 15:43:55,"['U+1F60E', 'U+1F4AA']",-0.15555555555555559
193,"Straight into it! ğŸ˜„

ğŸ‘Š @OficialCedric https://t.co/XZWRPypaZM",1223265752540753921,791,7548,2020-01-31 15:24:17,"['U+1F604', 'U+1F44A']",0.2
194,"ğŸ’¬ ""Hello guys, I am so proud to be here and I can guarantee I will give 100 per cent for you guys!""

That's what we like to hear, @OficialCedric ğŸ‘Š https://t.co/bvh2s2eTja",1223258086804160512,847,8264,2020-01-31 14:53:49,"['U+1F4AC', 'U+1F44A']",0.8
195,"ğŸš¨ SHIRT NUMBER ANNOUNCEMENT ğŸš¨

2ï¸âƒ£2ï¸âƒ£ @PabloMV5 
1ï¸âƒ£7ï¸âƒ£ @OficialCedric 

ğŸ‘‰ https://t.co/LlIpzkYTa3 https://t.co/84NqTI2b2U",1223233803453452291,1796,8690,2020-01-31 13:17:19,"['U+1F6A8', 'U+1F6A8', 'U+1F449']",0.0
196,"ğŸ‘‹ Welcome to the club, @OficialCedric!
ğŸ“ Arsenal Training Centre

ğŸ†• Go behind the scenes of Cedric's arrival... https://t.co/4o9C6Hv64Q",1223215277703340032,1453,9616,2020-01-31 12:03:43,"['U+1F44B', 'U+1F4CD', 'U+1F195']",0.2
197,"Looking sharp, Cedric ğŸ‘Œ

ğŸ“¸ Check out the first images of @OficialCedric in our threads ğŸ‘‡",1223207043793924103,817,7022,2020-01-31 11:30:59,"['U+1F44C', 'U+1F4F8', 'U+1F447']",0.0625
198,"Cedric is to join us on loan until the end of the season.

ğŸ’¬ Send us your welcome messages for @OficialCedric ğŸ‘‡",1223193122534055936,2619,15456,2020-01-31 10:35:40,"['U+1F4AC', 'U+1F447']",0.8
199,"Heâ€™s our Cedric! âœ…

Welcome to London. Welcome to Arsenal. 

ğŸ‘‹ @OficialCedric https://t.co/U6SSYKDSJU",1223191770810462208,11962,47585,2020-01-31 10:30:18,"['U+2705', 'U+1F44B']",0.8
200,"ğŸ”™ in contention!

@Aubameyang7 and @DavidLuiz_4 have served their suspensions âœ…

#BURARS",1223169488687976448,1178,12137,2020-01-31 09:01:46,"['U+1F519', 'U+2705']",0.0
201,"âª Two years ago today...

""Yo Pierre, you wanna come out here?""

âš¡ï¸ @Aubameyang7 https://t.co/iwPb64bg0K",1223139852176236544,2228,17901,2020-01-31 07:04:00,['U+23EA'],0.0
202,"ğŸ”œ #BURARS

ğŸ—“ #OnThisDay in 2016, @CalumChambers95 did this to Sunday's opponents...

Looking forward to having you back stronger, Calum â¤ï¸ https://t.co/9AnUKuORC4",1222967969451409409,634,8076,2020-01-30 19:41:00,"['U+1F51C', 'U+1F5D3']",0.0
203,"ğŸ‘‹ The arrival
ğŸ” The medical
ğŸ“¸ The photoshoot
ğŸ¥ The interview

@PabloMV5 had a busy first day - and our cameras were there every step of the way ğŸ‘‡",1222914591023345666,795,7424,2020-01-30 16:08:53,"['U+1F44B', 'U+1F50E', 'U+1F4F8', 'U+1F3A5', 'U+1F447']",0.11666666666666665
204,"Love this, @PabloMV5 ğŸ‘Š https://t.co/d77QCR7J5l",1222885469354184704,626,8420,2020-01-30 14:13:10,['U+1F44A'],0.5
205,"Building up to Burnley ğŸ—

#BURARS https://t.co/Q1S9J5IvXl",1222832325718761474,658,7680,2020-01-30 10:42:00,['U+1F3D7'],0.0
206,What a view! ğŸ˜ https://t.co/tp6eRCRGQ4,1222808921410363392,968,13157,2020-01-30 09:09:00,['U+1F60D'],0.0
207,"ğŸ’¬ â€œHello Gooners family! I am happy to be here, with a big club. Iâ€™m excited to fight together and defend that shield together. Iâ€™m proud to be in the Gooner family.â€

Love that, @PabloMV5 â¤ï¸ https://t.co/6JagDW0k9f",1222776459506249728,1436,14174,2020-01-30 07:00:00,['U+1F4AC'],0.495
208,"Nice touch, lads ğŸ‘

Another shirt is on the way, @JordanShirts ğŸ‘

ğŸ“¸ rholding95 on Instagram https://t.co/3vmZGPGMue",1222577597298675712,775,9321,2020-01-29 17:49:48,"['U+1F44F', 'U+1F44D', 'U+1F4F8']",0.6
209,"Rocking the famous red and white! ğŸ”´âšªï¸

ğŸ‘Œ @PabloMV5 https://t.co/nfaoauYJhm",1222537256331829252,3614,33404,2020-01-29 15:09:30,"['U+1F534', 'U+1F44C']",0.16666666666666666
210,"ğŸ’¬ ""Pablo, welcome to Arsenal. How does it feel to be an Arsenal player?""

ğŸ“º Watch @PabloMV5's first interview on the Arsenal app and Arsenal Player ğŸ‘‡",1222524571699634177,1598,9930,2020-01-29 14:19:05,"['U+1F4AC', 'U+1F4FA', 'U+1F447']",0.525
211,"Pablo Mari is set to join us on loan until the end of the season.

ğŸ’¬ Leave your welcome messages for @PabloMV5 below! ğŸ‘‡",1222513699224784896,4292,29361,2020-01-29 13:35:53,"['U+1F4AC', 'U+1F447']",0.8
212,"Welcome to London. Welcome to Arsenal.

@PabloMV5 is coming to the capital! ğŸ‘‹ https://t.co/X07dtNeG5Y",1222508885006848000,15861,60311,2020-01-29 13:16:45,['U+1F44B'],0.8
213,"ğŸ† January Player of the Month ğŸ†

ğŸ‡§ğŸ‡· Gabriel Martinelli
ğŸ´ó §ó ¢ó ¥ó ®ó §ó ¿ @BukayoSaka87
ğŸ‡ºğŸ‡¾ @LTorreira34
ğŸ‡¨ğŸ‡­ Granit Xhaka

ğŸ¤” Who gets your vote?",1222467497636528128,680,9830,2020-01-29 10:32:18,"['U+1F3C6', 'U+1F3C6', 'U+1F914']",0.0
214,"ğŸ—“ #OnThisDay in 1988, @LeeDixon2 became a Gunner ğŸ˜Š

ğŸ”´ 619 games
âš½ 28 goals
ğŸ† 9 major trophies

Thanks for everything, Lee! ğŸ‘ https://t.co/Qu6JsZPT0T",1222418347934896133,801,7920,2020-01-29 07:17:00,"['U+1F5D3', 'U+1F60A', 'U+1F534', 'U+26BD', 'U+1F3C6', 'U+1F44F']",0.13125
215,"Mobile: EN30 ğŸ“±
Provider: BS77 ğŸ“¡
Signal: Four Bars ğŸ“¶

Nothing wrong with the south-coast service ğŸ´ó §ó ¢ó ¥ó ®ó §ó ¿

â­ï¸ @BukayoSaka87 x @EddieNketiah9 ğŸ“ https://t.co/ZAx1SRofpQ",1222131420749090816,1491,13186,2020-01-28 12:16:51,"['U+1F4F1', 'U+1F4E1', 'U+1F4F6', 'U+1F4DE']",-0.5
216,"Thank you for your amazing support tonight! ğŸ‘

Loud and proud. Just the way we like it. ğŸ‘Š

#WeAreTheArsenal ğŸ’› https://t.co/P4KKfU6ygg",1221976881924362241,693,9633,2020-01-28 02:02:46,"['U+1F44F', 'U+1F44A', 'U+1F49B']",0.5
217,ğŸ“ https://t.co/tFqK4U3GTU,1221929561350451202,426,7640,2020-01-27 22:54:44,['U+1F4DE'],0.0
218,"How much love for these two tonight?! ğŸ˜ 

ğŸ’› @BukayoSaka87 
ğŸ’› @EddieNketiah9 

ğŸ† #EmiratesFACup https://t.co/a7yp1ZlQL4",1221922071422390272,1464,20901,2020-01-27 22:24:58,"['U+1F60D', 'U+1F49B', 'U+1F49B', 'U+1F3C6']",0.5
219,"âœ… Next round? You bet.

ğŸ’ 1-2 ğŸŸ¡ (FT)

ğŸ† #EmiratesFACup",1221915414256594944,2341,16586,2020-01-27 21:58:31,"['U+2705', 'U+1F352', 'U+1F7E1', 'U+1F3C6']",-0.1
220,"We called. He answered.

ğŸ“ @EddieNketiah9 

#EmiratesFACup https://t.co/cq5DUXTHAZ",1221894428983529475,899,8320,2020-01-27 20:35:08,['U+1F4DE'],0.0
221,"EDDIE'S DIALLING! ğŸ“ğŸ“ğŸ“

ğŸ’ 0-2 ğŸŸ¡ (26)

ğŸ† #EmiratesFACup https://t.co/gkMkDVhA8y",1221892826319007745,1595,12224,2020-01-27 20:28:46,"['U+1F4DE', 'U+1F4DE', 'U+1F4DE', 'U+1F352', 'U+1F7E1', 'U+1F3C6']",0.0
222,ğŸŒ¶ï¸ğŸ”¥ https://t.co/SZ6j30nOVN,1221888141772062722,479,7157,2020-01-27 20:10:09,['U+1F525'],0.0
223,"BUKAYOOOOOOOO!!!!! ğŸ’¥

ğŸ’ 0-1 ğŸŸ¡ (5)

ğŸ† #EmiratesFACup",1221887124674433024,1197,8951,2020-01-27 20:06:06,"['U+1F4A5', 'U+1F352', 'U+1F7E1', 'U+1F3C6']",0.0
224,"ğŸ“¸ When you spot our photographer up in the stand! ğŸ˜‚

ğŸ‘‹ Hello down there, Lucas and Gabi! ğŸ‘

ğŸ† #EmiratesFACup https://t.co/AQk2u7yUJf",1221879439291711490,606,8506,2020-01-27 19:35:34,"['U+1F4F8', 'U+1F602', 'U+1F44B', 'U+1F44D', 'U+1F3C6']",-0.15555555555555559
225,"ğŸ“‹ Tonight's team news...

ğŸ´ó §ó ¢ó ¥ó ®ó §ó ¿ @EddieNketiah9 leads the attack
ğŸ‡§ğŸ‡· Gabriel Martinelli stays in the starting XI
ğŸ‡«ğŸ‡· @MatteoGuendouzi also starts

ğŸ† #EmiratesFACup",1221868992798871552,2293,11749,2020-01-27 18:54:03,"['U+1F4CB', 'U+1F3C6']",0.0
226,That #EmiratesFACup feeling! ğŸ˜†ğŸ™Œ https://t.co/CSrGyVgG2Z,1221732247730036736,596,8932,2020-01-27 09:50:41,"['U+1F606', 'U+1F64C']",0.0
227,"@NBA A true sporting icon. A legend among legends. An incredible legacy. 

Kobe Bryant transcended sports and will never be forgotten. 

RIP, Kobe â¤ï¸ https://t.co/eLfjJ1WHUE",1221563704501850113,3104,12044,2020-01-26 22:40:57,[],0.625
228,"Up for the cup! ğŸ†

#EmiratesFACup https://t.co/9QZTYldEjh",1221449389840924672,761,9601,2020-01-26 15:06:42,['U+1F3C6'],0.0
229,"ğŸš§ Work in progress

ğŸ”œ #EmiratesFACup https://t.co/xr1caZhJLW",1221415741645295617,1001,10242,2020-01-26 12:53:00,"['U+1F6A7', 'U+1F51C']",0.0
230,"ğŸ—“ #OnThisDay in 2015, our Little Mozart did this...

ğŸ¤Ÿ TR7 ğŸ¤Ÿ https://t.co/cmsWh38KPF",1221100917396852744,1196,10647,2020-01-25 16:02:00,"['U+1F5D3', 'U+1F91F', 'U+1F91F']",-0.1875
231,"Happy New Year! Seasonâ€™s greetings from Arsenal. Hope you all enjoy a healthy and happy year! 

æ–°å¹´å¥½ï¼é˜¿æ£®çº³ç»™æ‚¨æ‹œå¹´ï¼Œç¥æ„¿å¤§å®¶éƒ½è¿‡ä¸ªå¥åº·ã€å¹³å®‰ã€å¿«ä¹å¹´ï¼ https://t.co/3uTXnpl0T5",1220994717665509378,859,7714,2020-01-25 09:00:00,[],0.5272727272727273
232,"Giannis knows what's good! ğŸ˜

Welcome to the Arsenal family, @Giannis_An34 ğŸ‘Š 

ğŸ“º @NBAUK 

ğŸ‡«ğŸ‡· @NBAFRANCE x #NBAParis ğŸ€ https://t.co/40gsixGeXK",1220767101037793280,3112,16411,2020-01-24 17:55:32,"['U+1F60E', 'U+1F44A', 'U+1F4FA', 'U+1F3C0']",0.75
233,Good vibes only ğŸ˜„ https://t.co/4PDWrUwyXF,1220753399446155265,787,13951,2020-01-24 17:01:05,['U+1F604'],0.35
234,"Are we doing this right? ğŸ¤”

#DollyPartonChallenge https://t.co/IScyoxa2Cs",1220726748121305091,1583,13128,2020-01-24 15:15:11,['U+1F914'],0.2857142857142857
235,"Team spirit level: ğŸ’¯

Good to have you back, @SokratisPapa5 ğŸ˜… https://t.co/2GHvyvMgy4",1220651731962466306,2296,18457,2020-01-24 10:17:06,"['U+1F4AF', 'U+1F605']",0.35
236,#FridayFeeling ğŸ˜ƒ https://t.co/Cwwa7tqDkG,1220608925105606658,640,11310,2020-01-24 07:27:00,['U+1F603'],0.0
237,"ğŸ’¥ P O L D I ğŸ’¥

ğŸ—“ #OnThisDay in 2013...

ğŸš€ @Podolski10 https://t.co/f1bnTb5iiP",1220437042938531840,745,7390,2020-01-23 20:04:00,"['U+1F4A5', 'U+1F4A5', 'U+1F5D3', 'U+1F680']",0.0
238,"ğŸ•¹ #CHEARS

ğŸƒâ€â™‚ï¸ 67 yards to goal
â± 8.4 seconds to get there

âœ… Challenge accepted https://t.co/Nsudpcs4tW",1220316737465389057,2665,18634,2020-01-23 12:05:57,"['U+1F579', 'U+23F1', 'U+2705']",0.0
239,"âª This time last night... 

Celebrating Hector's late leveller. 
Celebrating our dramatic comeback. 
Celebrating battling against the odds. 
Celebrating our 'never say die' attitude. https://t.co/1xILdbCndY",1220103848255279104,2498,21819,2020-01-22 22:00:00,['U+23EA'],-0.24444444444444444
240,"Superfan Maria            Her disposable cameras
                              ğŸ¤                                 
         Making memorable appearances

ğŸ“¸ Throwback to last year's @AFC_Foundation charity ball â˜ºï¸ https://t.co/S2z8Xcs7hP",1220061584510398465,837,10039,2020-01-22 19:12:04,"['U+1F91D', 'U+1F4F8']",0.25
241,"ğŸ’¬ ""He turns up early every day. He does all the stuff and everything anyone asks him to do. He is the first player to press and the last player to leave everything on the pitch.""

- @HectorBellerin",1220023501739962368,1668,17232,2020-01-22 16:40:44,['U+1F4AC'],0.11666666666666665
242,Not a cell phone in sight. Just ppl living in the moment. https://t.co/Y3BUjaroJn,1220004774013210624,7385,55578,2020-01-22 15:26:19,[],0.0
243,"What a moment for Hector ğŸ˜

â¤ï¸ @HectorBellerin https://t.co/UGfaDtdwZO",1219988845485228035,1481,18740,2020-01-22 14:23:01,['U+1F60D'],0.0
244,"ğŸ§ Now playing:

   Arsenal fans - The Martinelli Chant
   0:01  ââ”€â”€â”€â”€â”€â”€â”€ 0:33
               â†»     âŠ²  â…¡  âŠ³     â†º
   Volume: â–â–‚â–ƒâ–„â–…â–†â–‡ğŸŸ¥ 100%

https://t.co/liV9iEcppb",1219959762932174849,4345,24348,2020-01-22 12:27:27,"['U+1F3A7', 'U+1F7E5']",0.0
245,"ğŸ˜ Hec did warn ya... 

ğŸ’¥ @HectorBellerin https://t.co/GsgcJUdx7m",1219943915131981826,2162,18462,2020-01-22 11:24:29,"['U+1F60E', 'U+1F4A5']",0.0
246,"ğŸ—£ ""I'm proud of the spirit they showed, the character, the fight and the leadership.""

#WednesdayWisdom | @m8arteta https://t.co/rN7Y0mlFwh",1219932971098083328,663,8242,2020-01-22 10:41:00,['U+1F5E3'],0.8
247,"ğŸ’¬ ""I wanted to take him off because he looked knackered... and the next minute he's sprinting 60 yards again!""

More from @m8arteta following #CHEARS ğŸ‘‡",1219910825126875136,891,9086,2020-01-22 09:13:00,"['U+1F4AC', 'U+1F447']",0.16666666666666666
248,"Catch him if you can ğŸƒâ€â™‚ï¸

Anyone else still watching Gabi's goal? ğŸ¤© https://t.co/K1P3toMJ4o",1219877858006274048,16998,76247,2020-01-22 07:02:00,['U+1F929'],0.0
249,"Goodnight ğŸ‘‹

#CHEARS https://t.co/PDN5OAv6VP",1219787017401196544,5420,31370,2020-01-22 01:01:02,['U+1F44B'],0.0
250,"This is what it's all about.

You can't beat an away day ğŸ™Œ

#CHEARS https://t.co/9Ik4plsPFz",1219773870955278338,2044,14055,2020-01-22 00:08:47,['U+1F64C'],0.0
251,"We went down to 10. Twice we fell behind. But then we fought back. 

And you were with us every step of the way. ğŸ‘Š

#CHEARS https://t.co/DGd77EA377",1219766964941398016,1183,14538,2020-01-21 23:41:21,['U+1F44A'],-0.1851851851851852
252,âœŠ @m8arteta https://t.co/38xFKI4nyi,1219763026414444545,932,11818,2020-01-21 23:25:42,['U+270A'],0.0
253,"Savouring the moment ğŸ“¸ 

Thatâ€™s our Maria â¤ï¸ https://t.co/93rx4YBoxV",1219761060598644738,3372,32371,2020-01-21 23:17:53,['U+1F4F8'],0.0
254,"Granit? Rock solid. ğŸ‘

#CHEARS https://t.co/0hXGuwCzJM",1219757766249721857,2339,25833,2020-01-21 23:04:48,['U+1F44F'],0.0
255,"The lad's a bit special ğŸŒŸ

#CHEARS https://t.co/cTFksb1IvD",1219752441610211329,3144,18894,2020-01-21 22:43:38,['U+1F31F'],0.35714285714285715
256,"One proud boss. ğŸ˜„

#CHEARS https://t.co/03u5nBe9hi",1219748083682152448,2966,28937,2020-01-21 22:26:19,['U+1F604'],0.8
257,"Welcome back, @HectorBellerin â¤ï¸ https://t.co/0EB8ABlK5x",1219746193783345157,6396,46168,2020-01-21 22:18:49,[],0.4
258,"NEVER. GIVE. UP. âœŠ

#CHEARS",1219743996471365633,7463,40626,2020-01-21 22:10:05,['U+270A'],0.0
259,"EL CAPITÃN!!!

#CHEARS ğŸ”µ 2-2 ğŸ”´ (87) https://t.co/l2KYFMkpcg",1219741633178193920,5505,27942,2020-01-21 22:00:41,"['U+1F535', 'U+1F534']",0.0
260,"Our first teenager to score 10 goals in a single season since Nicolas Anelka in 1998/99...

ğŸ‡§ğŸ‡· Gabriel Martinelli: baller ğŸ¤™

#CHEARS https://t.co/WHh435Oxrc",1219737760631750657,3971,20177,2020-01-21 21:45:18,['U+1F919'],0.08928571428571429
261,"GABIIIIIIII!

#CHEARS ğŸ”µ 1-1 ğŸ”´ (64) https://t.co/oT0CGWtHQ8",1219735513667702785,4098,21795,2020-01-21 21:36:22,"['U+1F535', 'U+1F534']",0.0
262,"Tonight's skipper. ğŸ‡¨

#CHEARS https://t.co/Go23yf4X7s",1219701172526886918,1299,12714,2020-01-21 19:19:55,['U+1F1E8'],0.0
263,"ğŸš¨ One change from the weekend...

â¡ï¸ @HectorBellerin
â¬…ï¸ @Ains_7

#CHEARS",1219699933747396608,2695,11038,2020-01-21 19:14:59,['U+1F6A8'],0.0
264,"This Dennis Bergkamp assist ğŸ¤¤

#CHEARS | #DB10 ğŸ https://t.co/Zk5C3Krswv",1219645074138529794,898,7225,2020-01-21 15:37:00,"['U+1F924', 'U+1F410']",0.0
265,"All eyes on tonight. 

#CHEARS https://t.co/OIAKKQrGbV",1219607577081679873,1291,13996,2020-01-21 13:08:00,[],0.0
266,"Happy birthday, Micki ğŸˆ

We hope you have a good one, @HenrikhMkh ğŸ‘Š https://t.co/iqHtItqRmL",1219522768296763392,1194,16951,2020-01-21 07:31:00,"['U+1F388', 'U+1F44A']",0.75
267,"ğŸ—“ #OnThisDay, 14 years ago...

Once a Gunner, always a Gunner, @theowalcott ğŸ”´ https://t.co/ddSwWZyIA7",1219371269856157696,1594,10700,2020-01-20 21:29:00,"['U+1F5D3', 'U+1F534']",0.0
268,"Straight back to it. âœŠ

#CHEARS https://t.co/RDBWudOsxm",1219326720043626497,719,8365,2020-01-20 18:31:58,['U+270A'],0.1
269,"When there's no stopping Gabi in full flow...

...so you have to slow him down ğŸ¥",1219283713638445058,1095,9981,2020-01-20 15:41:05,['U+1F3A5'],-0.035185185185185215
270,"Happy birthday, Calum - 25 today! ğŸˆ

ğŸ° @CalumChambers95 https://t.co/mIV0WQljQJ",1219152579961262080,1077,14333,2020-01-20 07:00:00,"['U+1F388', 'U+1F370']",0.8
271,"DESIRE. 

ğŸ’ª @BukayoSaka87 https://t.co/yYUukKQdQs",1218911742283206656,825,11026,2020-01-19 15:03:00,['U+1F4AA'],0.0
272,"Our right back. Our legend. Our Invincible.

â¤ï¸ @Lauren12arsenal https://t.co/Zy7SXWHgWu",1218848827467108352,631,8916,2020-01-19 10:53:00,[],0.14285714285714285
273,"âš½ï¸âš½ï¸âš½ï¸âš½ï¸âš½ï¸âš½ï¸âš½ï¸âš½ï¸âš½ï¸

Goal number nine of the season for Gabriel Martinelli! ğŸ‘ https://t.co/sxSyu9AUfn",1218654297144971264,1248,12871,2020-01-18 22:00:00,['U+1F44F'],0.0
274,"ğŸ’¬ ""They were right behind the team. They appreciated every action. They were pushing them and I'm so thankful to them.""

â¤ï¸ A thank you to the fans from @m8arteta âœŠ

#ARSSHU https://t.co/IXvnaR9QQe",1218639219138187270,663,8059,2020-01-18 21:00:05,"['U+1F4AC', 'U+270A']",0.04642857142857142
275,"Not the result we were looking for.

ğŸ”´ 1-1 âš”ï¸ (FT)

#ARSSHU",1218576608665141248,973,7764,2020-01-18 16:51:18,['U+1F534'],0.0
276,"TELL. THEM.

#ARSSHU https://t.co/qelesoSVdD",1218567976661803008,1160,9648,2020-01-18 16:17:00,[],0.0
277,"GABI-GOOAAALLLLLL!!! ğŸ¤™ğŸ¤™

ğŸ”´ 1-0 âš”ï¸ (45)

#ARSSHU https://t.co/srKAXO6ALS",1218560069429792768,3168,14910,2020-01-18 15:45:34,"['U+1F919', 'U+1F919', 'U+1F534']",0.0
278,"Captaining the team today...

ğŸ‡¨ @LacazetteAlex 

Let's go, Laca ğŸ’ª

#ARSSHU https://t.co/YERDUzlKKo",1218540802047201283,717,7549,2020-01-18 14:29:01,"['U+1F1E8', 'U+1F4AA']",0.0
279,"ğŸ“‹ Today's team news...

ğŸ‡§ğŸ‡· Martinelli in starting XI
ğŸ‡©ğŸ‡ª Mustafi partners David Luiz
ğŸ‡ºğŸ‡¾ Torreira also starts

#ï¸âƒ£ #ARSSHU",1218533489231958017,3147,12397,2020-01-18 13:59:57,['U+1F4CB'],0.0
280,"Working towards the weekend âœŠ

#ARSSHU https://t.co/B8rG2BR889",1218181621062553600,898,9483,2020-01-17 14:41:45,['U+270A'],0.0
281,"ğŸ’ª @LTorreira34 ğŸ’ª

#ARSSHU https://t.co/7EhZ2hFVfo",1218168385160257537,786,13031,2020-01-17 13:49:10,"['U+1F4AA', 'U+1F4AA']",0.0
282,"ğŸ”´ E D U ğŸ”´

#ThrowbackThursday https://t.co/LlQxaVsatO",1217926751621222400,455,7908,2020-01-16 21:49:00,"['U+1F534', 'U+1F534']",0.0
283,"ğŸ’¬ ""Once you've read criticism - good or bad - it's going to stay there.""

Sincere. Honest. Direct.

@MustafiOfficial opens up about criticism, tough times and his relationship with our fans ğŸ‘‡",1217786111424126977,886,7993,2020-01-16 12:30:08,"['U+1F4AC', 'U+1F447']",0.1351851851851852
284,"Happy birthday, Lord Bendtner! ğŸ˜‰ğŸ¥³ https://t.co/PE68FCq1aH",1217703028154720256,7251,52351,2020-01-16 07:00:00,"['U+1F609', 'U+1F973']",0.8
285,"ğŸ’¬ ""What we have to try to do is put Laca in positions where he can have as many opportunities to do that as possible during a game.""

ğŸ‘” @m8arteta is certain @LacazetteAlex will find the net again soon",1217531488616493059,560,7012,2020-01-15 19:38:22,"['U+1F4AC', 'U+1F454']",0.06285714285714286
286,"ğŸ”‹ Working towards the comeback! 

ğŸ’ª @KieranTierney1 https://t.co/akMMiuzWHG",1217491719572414465,941,11341,2020-01-15 17:00:20,"['U+1F50B', 'U+1F4AA']",0.0
287,"ğŸ’¬ ""It has been confirmed that he is going to be suspended for three games. It's a big shame and a big loss for us, because as well we know Auba's intention when he plays. But unfortunately he mistimed the tackle, he made a decision and we have to accept it.""

ğŸ‘” @m8arteta https://t.co/zmcrsnzQ7S",1217465134714687490,918,8981,2020-01-15 15:14:42,"['U+1F4AC', 'U+1F454']",-0.024999999999999994
288,"ğŸ—“ #OnThisDay, 21 years ago... we signed the one and only Kanu! ğŸ‡³ğŸ‡¬ 

ğŸ Here are five of @papilokanu's best Arsenal goals - but which will forever be your favourite? ğŸ¤” https://t.co/C7qGUhfmfG",1217325541315006465,1805,7936,2020-01-15 06:00:00,"['U+1F5D3', 'U+1F39E', 'U+1F914']",0.5
289,"ğŸ—“ #OnThisDay in 2006, we won 7-0 against Middlesbrough at Highbury...

...and @ThierryHenry showed us ğ“ğ‡ğ€ğ“ iconic pass! ğŸ˜ https://t.co/HNhxpqJ3YS",1217206573027790848,1651,9832,2020-01-14 22:07:16,"['U+1F5D3', 'U+1F60D']",0.5
290,"ğŸ’¬ ""I think he is the right man at this club.""

ã€½ï¸ @MesutOzil1088 explains what has changed since Mikel Arteta became our head coach...",1217182505868107783,727,8022,2020-01-14 20:31:38,['U+1F4AC'],0.2857142857142857
291,"""Joining the first team is a great moment for every young player. This is my story.""

ğŸ“ @MesutOzil1088 | In my own words ğŸ‘‡",1217051490898128896,719,7979,2020-01-14 11:51:01,"['U+1F4DD', 'U+1F447']",0.4375
292,"Touch, boss ğŸ¤©ğŸ‘Œ

ğŸ“º Arteta's reactions in #CRYARS | The best of Bench Cam ğŸ‘‡",1217020043046932481,638,7218,2020-01-14 09:46:04,"['U+1F929', 'U+1F44C', 'U+1F4FA', 'U+1F447']",1.0
293,"Diaby 1-0 Derby

@AbouVDIABY could hit 'em ğŸš€ https://t.co/YdowDzcXzj",1216741774762311680,1026,9164,2020-01-13 15:20:19,['U+1F680'],0.0
294,"All the best for the rest of the season, @DMavropanos! ğŸ‘",1216721695341535233,1203,11988,2020-01-13 14:00:32,['U+1F44D'],1.0
295,"ğŸ—“ï¸ #OnThisDay in 2006, @AbouVDIABY became a Gunner ğŸ”´âšª https://t.co/FtQ2n7uHfX",1216679717342011392,1335,12904,2020-01-13 11:13:44,"['U+1F534', 'U+26AA']",0.0
296,"ğŸ’¯ up!

ğŸ—“ #OnThisDay in 2003, The King brought up his Arsenal century

ğŸ‘‘ @ThierryHenry https://t.co/3K9b36ZEaT",1216404974776643584,831,7591,2020-01-12 17:02:00,"['U+1F4AF', 'U+1F5D3', 'U+1F451']",0.0
297,"ğŸ’¾ @FootballManager

âœ… More Direct Passing
âœ… Exploit The Middle

âš¡ï¸ @Aubameyang7 x #CRYARS https://t.co/NAaqcc8m2G",1216261277330427909,1199,12572,2020-01-12 07:31:00,"['U+1F4BE', 'U+2705', 'U+2705']",0.19999999999999998
298,"We stick together. We go again. âœŠ

Thanks for getting behind us in #CRYARS ğŸ‘

#WeAreTheArsenal ğŸŸ¡ https://t.co/sED1YtUmsG",1216117583709122560,1068,13831,2020-01-11 22:00:00,"['U+270A', 'U+1F44F', 'U+1F7E1']",-0.1
299,"ğŸ’¬ ""I'm going to have to find a way to try to avoid those situations. It happened today and it cost us two points.""

ğŸ‘” @m8arteta reflects on #CRYARS",1216089646418939904,794,8672,2020-01-11 20:09:00,"['U+1F4AC', 'U+1F454']",0.0
300,"ğŸ’› @Aubameyang7 

#CRYARS https://t.co/pbY1MSZnq9",1216066246871003137,1883,17800,2020-01-11 18:36:01,['U+1F49B'],0.0
301,"ğŸ’¬ ""Knowing Auba, there's no intention to make such a tackle. Hopefully Meyer hasn't been injured. We are sorry for that.""

ğŸ—£ @m8arteta https://t.co/664lFn4lbs",1216013680179122176,892,8156,2020-01-11 15:07:08,"['U+1F4AC', 'U+1F5E3']",-0.25
302,"The @premierleague points are shared.

#CRYARS",1216003069424668672,1164,8249,2020-01-11 14:24:58,[],0.0
303,"Goal - AUBAMEYANG
Assist - LACAZETTE

@Aubameyang7 ğŸ¤ @LacazetteAlex 

#CRYARS https://t.co/jONZcc9n3w",1215979516906168325,1841,15147,2020-01-11 12:51:23,['U+1F91D'],0.0
304,"AUBAAAAAAA!

#CRYARS ğŸ¦… 0-1 ğŸŸ¡ (12) https://t.co/LIEtDF6xw9",1215977341639430144,2342,10247,2020-01-11 12:42:44,"['U+1F985', 'U+1F7E1']",0.0
305,"ğŸš¨ Unchanged from our last @premierleague game

â›”ï¸ Papa partners David Luiz
ğŸ¤ Granit, Lucas and Mesut in the middle 
âš¡ï¸ Pepe, Laca and Auba are up top

#CRYARS",1215959030394511360,4265,18696,2020-01-11 11:29:58,"['U+1F6A8', 'U+1F91D']",0.024999999999999994
306,"ğŸ”™ to @premierleague action

#CRYARS https://t.co/B41djNrsX1",1215955866056306688,1013,8302,2020-01-11 11:17:24,['U+1F519'],0.1
307,"ğŸ“ Selhurst Park

ğŸ‘‹ @m8arteta

#CRYARS https://t.co/xxU8RNj5f3",1215951817772871682,849,9420,2020-01-11 11:01:19,"['U+1F4CD', 'U+1F44B']",0.0
308,"âª Last time we visited Selhurst...

ğŸ’¥Â #Xhakaboom

#CRYARS https://t.co/0B3Fb7EnaD",1215936890014056448,874,7763,2020-01-11 10:02:00,"['U+23EA', 'U+1F4A5']",0.0
309,"Crystal Palace                Arsenal
                              ğŸ¤                                 
               loving @IanWright0 https://t.co/1acubQLmCx",1215913989114339328,787,8158,2020-01-11 08:31:00,['U+1F91D'],0.6
310,ğŸ’­ Caption this... https://t.co/lxloSUvxRE,1215672949476405249,866,13387,2020-01-10 16:33:11,['U+1F4AD'],0.0
311,"Good luck with @HTAFC, @emilesmithrowe! ğŸ˜„",1215664947130224645,1652,16613,2020-01-10 16:01:24,['U+1F604'],0.7
312,"These guys â¤ï¸

ğŸ˜„ @Aubameyang7 
ğŸ˜„ @LacazetteAlex https://t.co/DLCMcFZl9A",1215305822399606786,2263,27381,2020-01-09 16:14:22,"['U+1F604', 'U+1F604']",0.0
313,"ğŸ’¬ ""My intention is to keep Auba obviously because I know that if we keep Auba with us, we're going to be stronger and closer to winning football matches. That's the only thing.""

ğŸ‘” More from @m8arteta ahead of #CRYARS ğŸ‘‡",1215297011609743360,735,7751,2020-01-09 15:39:21,"['U+1F4AC', 'U+1F454', 'U+1F447']",0.25
314,"âœŒï¸ To training!

ğŸ‡ºğŸ‡¾ @LTorreira34 https://t.co/NAFoNw94O9",1215244701625978880,853,13013,2020-01-09 12:11:29,[],0.0
315,ğŸ @ThierryHenry https://t.co/UyB7srzAfp,1215192484772483072,1745,21078,2020-01-09 08:44:00,['U+1F410'],0.0
316,"ğŸ—“ #OnThisDay in 2012...

No. Words. Needed. https://t.co/lQ0Xi64cb7",1215167319153864704,1808,13340,2020-01-09 07:04:00,['U+1F5D3'],0.0
317,"âœï¸ Want to win a programme signed by @m8arteta? 

ğŸ Just retweet to enter! 

Terms and Conditions ğŸ‘‰ https://t.co/Zp5tUHpd52 https://t.co/gFWexoepUH",1214959969751179264,7308,7289,2020-01-08 17:20:04,"['U+1F381', 'U+1F449']",0.8
318,"ğŸŒŸ GOAL OF THE MONTH ğŸŒŸ

âš¡ï¸ #PepeIsHere https://t.co/VCAqx3hyKk",1214903178778558465,2337,19485,2020-01-08 13:34:24,"['U+1F31F', 'U+1F31F']",0.0
319,"Congratulations, Nico! ğŸ‰

You voted Nicolas Pepe's strike against West Ham as your Goal of the Month for December! ğŸ¤©",1214896994017255424,1438,18065,2020-01-08 13:09:49,"['U+1F389', 'U+1F929']",0.0
320,"Congratulations, @Aubameyang7! ğŸ‘ 

ğŸ‡¬ğŸ‡¦ Auba has been named in @FIFProAfricaâ€™s Best 11 for 2019 at tonightâ€™s #CAFAwards2019

https://t.co/z20DkJO9HR",1214643412177174533,2428,17700,2020-01-07 20:22:11,['U+1F44F'],1.0
321,ğŸ˜¤ @SokratisPapa5 https://t.co/St8na0vgru,1214590556438958081,1495,15140,2020-01-07 16:52:09,['U+1F624'],0.0
322,ğŸ¦‹ @ReissNelson9 https://t.co/TgTXX4s0yq,1214496372990320640,522,9344,2020-01-07 10:37:54,['U+1F98B'],0.0
323,"ğŸ A special gift from Joe Willock to one lucky young fan last night!

ğŸ¥° @JoeWillock https://t.co/HRd36Ofx4T",1214441788435386370,936,11965,2020-01-07 07:01:00,"['U+1F381', 'U+1F970']",0.1976190476190476
324,"Honesty's the best policy.

ğŸ‘” @m8arteta https://t.co/6TQSsjLwiX",1214346929464844288,1358,11188,2020-01-07 00:44:04,['U+1F454'],1.0
325,"You voted @LacazetteAlex as your Man of the Match! ğŸ†

#EmiratesFACup https://t.co/aqOSnkeSkK",1214339865166458883,684,10706,2020-01-07 00:15:59,['U+1F3C6'],0.0
326,"ğŸ† A first #EmiratesFACup goal for @ReissNelson9! â˜ï¸

https://t.co/CLUHgQSCui",1214320516888223744,1040,7598,2020-01-06 22:59:06,['U+1F3C6'],0.25
327,"""I am very pleased with him with how he is training, how he is reacting, how willing he is to learn. He is asking the right questions. I know about his ability, I know his potential. He is doing all the right things.""

#EmiratesFACup https://t.co/tFxRAH2woo",1214313724904906759,761,8378,2020-01-06 22:32:07,[],0.2942857142857143
328,"""I wasn't happy at all. If you're not ready for their game you get exposed and you get done. When I see what I don't want to see - and I'm not talking about technically and tactically - I cannot be happy and I have to let them know.""

#EmiratesFACup https://t.co/ZLIbAnKemf",1214312461018574854,2095,16886,2020-01-06 22:27:06,[],0.22000000000000003
329,"A hard-fought cup tie. Full commitment and a battle to the last.

Respect, @LUFC ğŸ‘Š

#EmiratesFACup https://t.co/toaGxQ9zUw",1214310895318392834,655,8966,2020-01-06 22:20:52,['U+1F44A'],0.01944444444444443
330,"Fourth round: LOCKED IN ğŸ”’

#EmiratesFACup",1214305285952675840,1041,8319,2020-01-06 21:58:35,['U+1F512'],-0.1
331,"ğŸ¶ One-nil... to The Arsenal! ğŸ¶

#EmiratesFACup",1214302709962149888,4299,30461,2020-01-06 21:48:21,"['U+1F3B6', 'U+1F3B6']",0.0
332,"REISS NELSONNNNNNNNNNN!!!!!!!!! 

ğŸ”´ 1-0 ğŸ”µ (55)

#EmiratesFACup https://t.co/CvsuVAVy6f",1214292606852763648,1483,9794,2020-01-06 21:08:12,"['U+1F534', 'U+1F535']",0.0
333,"Look who's in the house! ğŸ˜„

Good to see you here, @EddieNketiah9 ğŸ“

#EmiratesFACup https://t.co/oIQ9iGu22U",1214270913539198982,757,11460,2020-01-06 19:42:00,"['U+1F604', 'U+1F4DE']",0.7
334,"ğŸ“‹ Tonight's #EmiratesFACup team news! 

ğŸ”™ @RobHolding95 returns
ã€½ï¸ @MesutOzil1088 picked to start
ğŸ‡¦ğŸ‡· @EmiMartinezz1 will be in goal",1214259482706022401,2381,10512,2020-01-06 18:56:35,"['U+1F4CB', 'U+1F519']",0.0
335,"â¤ï¸ ""I am the Arsenal captain. I love this club. I am committed to it and desperate to bring it back to the top, where it belongs.""

ğŸ’¬ @Aubameyang7 addresses recent speculation in tonight's #EmiratesFACup programme notes - read it now ğŸ‘‡",1214249346058915841,1712,11773,2020-01-06 18:16:18,"['U+1F4AC', 'U+1F447']",0.08
336,"ğŸ§ A familiar face from @ThierryHenry's first day back...

ğŸ‘‹ @m8arteta https://t.co/xaUVDkHspv",1214209021202358279,1692,19368,2020-01-06 15:36:04,"['U+1F9D0', 'U+1F44B']",0.20833333333333334
337,"ğŸ—“ #OnThisDay in 2012, @ThierryHenry came home â¤ï¸ https://t.co/VxISOLXg7b",1214200036843827200,1322,12304,2020-01-06 15:00:22,['U+1F5D3'],0.0
338,"Is this your favourite Emirates Stadium moment of all-time?

ğŸ‘‘ When the King came home ğŸ˜

#EmiratesFACup 

https://t.co/e1IdC3LFQL",1214182139069112321,1688,10857,2020-01-06 13:49:15,"['U+1F451', 'U+1F60D']",0.0
339,"Tonight we begin another #EmiratesFACup journey! ğŸ›£

Let's hope to experience more magical moments like this... ğŸ¤ https://t.co/XPQGmOG0iz",1214123905419485184,851,9027,2020-01-06 09:57:51,"['U+1F6E3', 'U+1F91E']",0.5
340,"We can't wait to get back to it tomorrow ğŸ¤©

ğŸ’ª @SokratisPapa5

#EmiratesFACup https://t.co/1Td2Npddds",1213940736745299969,854,10795,2020-01-05 21:50:00,"['U+1F929', 'U+1F4AA']",0.0
341,"Next step: the return ğŸ‘Š

#EmiratesFACup https://t.co/q2LTXOsDgh",1213899716695646210,1226,12837,2020-01-05 19:07:00,['U+1F44A'],0.0
342,"B O S S âœŠ

#EmiratesFACup https://t.co/mUxqI2g76K",1213871279239024642,1695,24008,2020-01-05 17:14:00,['U+270A'],0.0
343,"Sunday sessions ğŸ’ª

We've got that #EmiratesFACup feeling ğŸ˜€ https://t.co/R6DwPhdo1r",1213824939159109634,899,10287,2020-01-05 14:09:51,"['U+1F4AA', 'U+1F600']",0.0
344,"ğŸ”œ #EmiratesFACup third round
ğŸ†š @LUFC
ğŸ“ Emirates Stadium

Sounds familiar... ğŸ˜‰ https://t.co/gyUxAQnFAl",1213724310533103618,1361,11482,2020-01-05 07:30:00,"['U+1F51C', 'U+1F19A', 'U+1F4CD', 'U+1F609']",0.05833333333333333
345,"ğŸš² Bicycle-kick assist?

@ThierryHenry's completed it ğŸ˜‰

ğŸ—“ #OnThisDay in 2005 https://t.co/5sQ4hIP9MT",1213521474415316992,1472,12044,2020-01-04 18:04:00,"['U+1F6B2', 'U+1F609', 'U+1F5D3']",0.0
346,"A weekend without a game ğŸ˜

But we'll keep working on the training pitches ğŸ’ª

#EmiratesFACup https://t.co/345qLHWtfe",1213421314146525184,1452,16685,2020-01-04 11:26:00,"['U+1F61E', 'U+1F4AA']",-0.4
347,"ğŸ—“ January 4, 2014
ğŸ† @EmiratesFACup
ğŸ”´ Arsenal 2-0 Tottenham
âš½ï¸ @19SCazorla (31), Rosicky (62) https://t.co/2MSjDm6dIM",1213370479249154048,1530,12685,2020-01-04 08:04:00,"['U+1F5D3', 'U+1F3C6', 'U+1F534']",0.0
348,"ğŸ†• wallpaper needed? 

We've got you covered ğŸ‘Š

ğŸ†“ wallpapers available to download here ğŸ‘‡",1213208159696769024,725,8671,2020-01-03 21:19:00,"['U+1F195', 'U+1F44A', 'U+1F193', 'U+1F447']",0.4
349,"ğŸ…°ï¸ğŸ…°ï¸ğŸ…°ï¸ x #ARSMUN

ğŸ•µï¸â€â™‚ï¸ Dressing room, players' tunnel, pitchside and more...

Access All Areas is now live ğŸ‘‡",1213145533059088385,706,7871,2020-01-03 17:10:08,['U+1F447'],0.3181818181818182
350,â¤ï¸ https://t.co/BCX8GOGmCU,1213126918071037952,683,11762,2020-01-03 15:56:10,[],0.0
351,"âœ… First win as our head coach

ğŸ’ªThe passion
ğŸ˜ The joy
ğŸ™Œ The celebrations

ğŸ¥ Bench Cam ft. @m8arteta",1213047163321753600,1583,16664,2020-01-03 10:39:15,"['U+2705', 'U+1F4AA', 'U+1F601', 'U+1F64C', 'U+1F3A5']",0.6166666666666667
352,"ğŸ™Œ #FridayFeeling!

ğŸ˜„ @DavidLuiz_4 https://t.co/plW3cTt8Bl",1212993746620604416,827,12973,2020-01-03 07:07:00,"['U+1F64C', 'U+1F604']",0.0
353,"This time last night...

ğŸ˜ #PepeIsHere ğŸ˜ https://t.co/N7EVSdjjsK",1212827905627217922,3000,25060,2020-01-02 20:08:00,"['U+1F60D', 'U+1F60D']",0.0
354,"A setback. But we know you'll come back stronger. 

We're with you all the way, @CalumChambers95 â¤ï¸ https://t.co/PrUk59e8Cc",1212768261915496448,2407,29270,2020-01-02 16:11:00,[],0.0
355,"Transfer window: open âœ…

@m8arteta gives an update on his January plans ğŸ‘‡",1212752631963299845,1002,11086,2020-01-02 15:08:53,"['U+2705', 'U+1F447']",0.0
356,"ğŸ¤ @LacazetteAlex 

#WeAreTheArsenal ğŸ”´ https://t.co/yFc3U0GyLG",1212732328604254209,966,14913,2020-01-02 13:48:13,"['U+1F91D', 'U+1F534']",0.0
357,"1ï¸âƒ£ Nicolas Pepe
2ï¸âƒ£ @SokratisPapa5

ğŸµ ""2-0 to The Arsenal..."" https://t.co/Uvgk4ghmOt",1212699809817251840,863,10156,2020-01-02 11:39:00,['U+1F3B5'],0.0
358,"Lucas the lion ğŸ¦

ğŸ¥‡ #ARSMUN Man of the Match

Well played, @LTorreira34 ğŸ‘ https://t.co/bry7ibcbnN",1212660299712434176,2736,29469,2020-01-02 09:02:00,"['U+1F981', 'U+1F947', 'U+1F44F']",0.0
359,"ğŸ’¬ ""I am so happy that I turned around in the stadium. I saw smiley faces, I saw energy, I saw people standing and that's what I want.""

ğŸ‘” @m8arteta 

#ThursdayThoughtsğŸ’­ https://t.co/I34N6UH7dF",1212645955352309760,1399,12185,2020-01-02 08:05:00,"['U+1F4AC', 'U+1F454', 'U+1F4AD']",0.8
360,"âœ… Day two of 2020

And if day one was anything to go by, it's going to be a good one ğŸ˜„

#ARSMUN highlights for your enjoyment ğŸ‘‡ https://t.co/pGPARmgXse",1212629597583314944,3167,16504,2020-01-02 07:00:00,"['U+2705', 'U+1F604', 'U+1F447']",0.7
361,"TOGETHER. ğŸ‘Š

#WeAreTheArsenal ğŸ”´ https://t.co/JcBvMKX3ZO",1212539503661002754,2967,20347,2020-01-02 01:02:00,"['U+1F44A', 'U+1F534']",0.0
362,âœŠ @m8arteta https://t.co/ZjGh1iL9uq,1212526652976181248,1342,15948,2020-01-02 00:10:56,['U+270A'],0.0
363,"A moment he'll never forget ğŸ˜

ğŸ‘” @m8arteta celebrates his first win as head coach of The Arsenal

#ARSMUN https://t.co/W81pJVL5LD",1212523900711649282,5074,35865,2020-01-02 00:00:00,"['U+1F60D', 'U+1F454']",0.525
364,"ğŸ˜¬ This is a tough decision for us...

...so we need your help ğŸ˜…

Vote for your #ARSMUN man of the match here ğŸ‘‡",1212514947843919873,824,7031,2020-01-01 23:24:25,"['U+1F62C', 'U+1F605', 'U+1F447']",-0.3888888888888889
365,"Walking into 2020 like... ğŸ˜

ã€½ï¸ @MesutOzil1088

#ARSMUN https://t.co/ewZPbOeJ0S",1212510922289356801,5914,38617,2020-01-01 23:08:25,['U+1F60E'],0.0
366,@IanWright0 WIAN WRIGHT ğŸ˜,1212510003745239045,694,9259,2020-01-01 23:04:46,['U+1F601'],0.0
367,"ğŸ’¬ ""Thank you so much for your support, your energy and your belief...""

@m8arteta loved your contribution tonight â¤ï¸

#ARSMUN https://t.co/BTnkwEGt0e",1212505007095996419,4912,41938,2020-01-01 22:44:55,['U+1F4AC'],0.44999999999999996
368,"That full-time reaction ğŸ˜

#ARSMUN https://t.co/H7L3D9vGaY",1212502539406581761,1913,17522,2020-01-01 22:35:07,['U+1F601'],0.35
369,"New year. Same score. ğŸ˜‰

#ARSMUN https://t.co/OcjHTaG1ey",1212494516055359495,8642,34508,2020-01-01 22:03:14,['U+1F609'],0.06818181818181818
370,"BIG. W. ğŸ™Œ

#ARSMUN",1212491490091556864,15412,67468,2020-01-01 21:51:12,['U+1F64C'],0.0
371,"Plenty to see in that first half ğŸ˜…

Here's hoping for more ğŸ¤

#ARSMUN https://t.co/nAGuDdRujr",1212478865576202241,999,8512,2020-01-01 21:01:02,"['U+1F605', 'U+1F91E']",0.19444444444444445
372,"Lucas = all of us when that second goal went in ğŸ¤©

#ARSMUN https://t.co/gePBGBB7ia",1212477262248980480,1991,17077,2020-01-01 20:54:40,['U+1F929'],0.0
373,"Let's keep this going! âœŠ

#ARSMUN",1212475414226128896,3605,25272,2020-01-01 20:47:20,['U+270A'],0.0
374,"PAPAAAAAAAAA!

#ARSMUN ğŸ”´ 2-0 âš«ï¸ (42) https://t.co/GGYHncm6Z5",1212474259836211200,3183,15861,2020-01-01 20:42:44,['U+1F534'],0.0
375,"GET IN!

#ARSMUN ğŸ”´ 1-0 âš«ï¸ (8) https://t.co/Z6antSXlfD",1212465597285568518,4005,16832,2020-01-01 20:08:19,['U+1F534'],0.0
376,"Tonight's front line... ğŸ¤¤

#ARSMUN https://t.co/hpVEwMLZaC",1212461368739270656,2102,14136,2020-01-01 19:51:31,['U+1F924'],0.0
377,"ğŸš¨ Four changes from Sunday
 
â¡ï¸ Sokratis, Kolasinac, Xhaka, Pepe
â¬…ï¸ Chambers, Saka, Guendouzi, Nelson

#ARSMUN",1212448423292616704,4324,18882,2020-01-01 19:00:04,['U+1F6A8'],0.0
